id,isResult,h,a,goals,xG,datetime,forecast
81,True,"{'id': '89', 'title': 'Manchester United', 'short_title': 'MUN'}","{'id': '82', 'title': 'Tottenham', 'short_title': 'TOT'}","{'h': '1', 'a': '0'}","{'h': '0.627539', 'a': '0.6746'}",2015-08-08 15:45:00,"{'w': '0.2859', 'd': '0.3905', 'l': '0.3236'}"
82,True,"{'id': '73', 'title': 'Bournemouth', 'short_title': 'BOU'}","{'id': '71', 'title': 'Aston Villa', 'short_title': 'AVL'}","{'h': '0', 'a': '1'}","{'h': '0.876106', 'a': '0.782253'}",2015-08-08 18:00:00,"{'w': '0.3435', 'd': '0.3607', 'l': '0.2958'}"
83,True,"{'id': '72', 'title': 'Everton', 'short_title': 'EVE'}","{'id': '90', 'title': 'Watford', 'short_title': 'WAT'}","{'h': '2', 'a': '2'}","{'h': '0.604226', 'a': '0.557892'}",2015-08-08 18:00:00,"{'w': '0.2988', 'd': '0.4337', 'l': '0.2675'}"
84,True,"{'id': '75', 'title': 'Leicester', 'short_title': 'LEI'}","{'id': '77', 'title': 'Sunderland', 'short_title': 'SUN'}","{'h': '4', 'a': '2'}","{'h': '2.56803', 'a': '1.45946'}",2015-08-08 18:00:00,"{'w': '0.6422', 'd': '0.2057', 'l': '0.1521'}"
85,True,"{'id': '79', 'title': 'Norwich', 'short_title': 'NOR'}","{'id': '78', 'title': 'Crystal Palace', 'short_title': 'CRY'}","{'h': '1', 'a': '3'}","{'h': '1.13076', 'a': '2.10975'}",2015-08-08 18:00:00,"{'w': '0.1461', 'd': '0.2159', 'l': '0.638'}"
86,True,"{'id': '80', 'title': 'Chelsea', 'short_title': 'CHE'}","{'id': '84', 'title': 'Swansea', 'short_title': 'SWA'}","{'h': '2', 'a': '2'}","{'h': '0.64396', 'a': '2.59203'}",2015-08-08 20:30:00,"{'w': '0.0304', 'd': '0.0924', 'l': '0.8772'}"
87,True,"{'id': '86', 'title': 'Newcastle United', 'short_title': 'NEW'}","{'id': '74', 'title': 'Southampton', 'short_title': 'SOU'}","{'h': '2', 'a': '2'}","{'h': '1.54613', 'a': '1.2529'}",2015-08-09 16:30:00,"{'w': '0.4386', 'd': '0.3165', 'l': '0.2449'}"
88,True,"{'id': '83', 'title': 'Arsenal', 'short_title': 'ARS'}","{'id': '81', 'title': 'West Ham', 'short_title': 'WHU'}","{'h': '0', 'a': '2'}","{'h': '1.33166', 'a': '0.535961'}",2015-08-09 16:30:00,"{'w': '0.5751', 'd': '0.2826', 'l': '0.1423'}"
89,True,"{'id': '85', 'title': 'Stoke', 'short_title': 'STO'}","{'id': '87', 'title': 'Liverpool', 'short_title': 'LIV'}","{'h': '0', 'a': '1'}","{'h': '0.381274', 'a': '0.329873'}",2015-08-09 19:00:00,"{'w': '0.2482', 'd': '0.5454', 'l': '0.2064'}"
90,True,"{'id': '76', 'title': 'West Bromwich Albion', 'short_title': 'WBA'}","{'id': '88', 'title': 'Manchester City', 'short_title': 'MCI'}","{'h': '0', 'a': '3'}","{'h': '0.435238', 'a': '1.9242'}",2015-08-10 23:00:00,"{'w': '0.0615', 'd': '0.1698', 'l': '0.7687'}"
91,True,"{'id': '71', 'title': 'Aston Villa', 'short_title': 'AVL'}","{'id': '89', 'title': 'Manchester United', 'short_title': 'MUN'}","{'h': '0', 'a': '1'}","{'h': '0.219118', 'a': '0.660404'}",2015-08-14 22:45:00,"{'w': '0.1056', 'd': '0.4653', 'l': '0.4291'}"
92,True,"{'id': '74', 'title': 'Southampton', 'short_title': 'SOU'}","{'id': '72', 'title': 'Everton', 'short_title': 'EVE'}","{'h': '0', 'a': '3'}","{'h': '1.06214', 'a': '1.39628'}",2015-08-15 15:45:00,"{'w': '0.2536', 'd': '0.2845', 'l': '0.4619'}"
93,True,"{'id': '77', 'title': 'Sunderland', 'short_title': 'SUN'}","{'id': '79', 'title': 'Norwich', 'short_title': 'NOR'}","{'h': '1', 'a': '3'}","{'h': '0.329128', 'a': '1.71686'}",2015-08-15 18:00:00,"{'w': '0.051', 'd': '0.1845', 'l': '0.7645'}"
94,True,"{'id': '84', 'title': 'Swansea', 'short_title': 'SWA'}","{'id': '86', 'title': 'Newcastle United', 'short_title': 'NEW'}","{'h': '2', 'a': '0'}","{'h': '1.97424', 'a': '0.113109'}",2015-08-15 18:00:00,"{'w': '0.9165', 'd': '0.0772', 'l': '0.0063'}"
95,True,"{'id': '82', 'title': 'Tottenham', 'short_title': 'TOT'}","{'id': '85', 'title': 'Stoke', 'short_title': 'STO'}","{'h': '2', 'a': '2'}","{'h': '1.70614', 'a': '2.80956'}",2015-08-15 18:00:00,"{'w': '0.1614', 'd': '0.1925', 'l': '0.6461'}"
96,True,"{'id': '90', 'title': 'Watford', 'short_title': 'WAT'}","{'id': '76', 'title': 'West Bromwich Albion', 'short_title': 'WBA'}","{'h': '0', 'a': '0'}","{'h': '0.760848', 'a': '0.684036'}",2015-08-15 18:00:00,"{'w': '0.3286', 'd': '0.3819', 'l': '0.2895'}"
97,True,"{'id': '81', 'title': 'West Ham', 'short_title': 'WHU'}","{'id': '75', 'title': 'Leicester', 'short_title': 'LEI'}","{'h': '1', 'a': '2'}","{'h': '0.513491', 'a': '1.80939'}",2015-08-15 18:00:00,"{'w': '0.0482', 'd': '0.171', 'l': '0.7808'}"
98,True,"{'id': '78', 'title': 'Crystal Palace', 'short_title': 'CRY'}","{'id': '83', 'title': 'Arsenal', 'short_title': 'ARS'}","{'h': '1', 'a': '2'}","{'h': '0.964134', 'a': '2.05542'}",2015-08-16 16:30:00,"{'w': '0.1303', 'd': '0.2113', 'l': '0.6584'}"
99,True,"{'id': '88', 'title': 'Manchester City', 'short_title': 'MCI'}","{'id': '80', 'title': 'Chelsea', 'short_title': 'CHE'}","{'h': '3', 'a': '0'}","{'h': '2.18579', 'a': '0.482423'}",2015-08-16 19:00:00,"{'w': '0.8142', 'd': '0.1391', 'l': '0.0467'}"
100,True,"{'id': '87', 'title': 'Liverpool', 'short_title': 'LIV'}","{'id': '73', 'title': 'Bournemouth', 'short_title': 'BOU'}","{'h': '1', 'a': '0'}","{'h': '2.15062', 'a': '0.460805'}",2015-08-17 23:00:00,"{'w': '0.8133', 'd': '0.1411', 'l': '0.0456'}"
101,True,"{'id': '89', 'title': 'Manchester United', 'short_title': 'MUN'}","{'id': '86', 'title': 'Newcastle United', 'short_title': 'NEW'}","{'h': '0', 'a': '0'}","{'h': '1.2491', 'a': '0.4384'}",2015-08-22 15:45:00,"{'w': '0.5889', 'd': '0.292', 'l': '0.1191'}"
102,True,"{'id': '79', 'title': 'Norwich', 'short_title': 'NOR'}","{'id': '85', 'title': 'Stoke', 'short_title': 'STO'}","{'h': '1', 'a': '1'}","{'h': '3.14888', 'a': '0.698228'}",2015-08-22 18:00:00,"{'w': '0.9013', 'd': '0.074', 'l': '0.0247'}"
103,True,"{'id': '77', 'title': 'Sunderland', 'short_title': 'SUN'}","{'id': '84', 'title': 'Swansea', 'short_title': 'SWA'}","{'h': '1', 'a': '1'}","{'h': '0.569426', 'a': '1.56064'}",2015-08-22 18:00:00,"{'w': '0.1219', 'd': '0.2431', 'l': '0.635'}"
104,True,"{'id': '78', 'title': 'Crystal Palace', 'short_title': 'CRY'}","{'id': '71', 'title': 'Aston Villa', 'short_title': 'AVL'}","{'h': '2', 'a': '1'}","{'h': '1.23807', 'a': '0.765278'}",2015-08-22 18:00:00,"{'w': '0.4747', 'd': '0.3079', 'l': '0.2174'}"
105,True,"{'id': '75', 'title': 'Leicester', 'short_title': 'LEI'}","{'id': '82', 'title': 'Tottenham', 'short_title': 'TOT'}","{'h': '1', 'a': '1'}","{'h': '0.829012', 'a': '1.89437'}",2015-08-22 18:00:00,"{'w': '0.1213', 'd': '0.2191', 'l': '0.6596'}"
106,True,"{'id': '81', 'title': 'West Ham', 'short_title': 'WHU'}","{'id': '73', 'title': 'Bournemouth', 'short_title': 'BOU'}","{'h': '3', 'a': '4'}","{'h': '1.50203', 'a': '2.8554'}",2015-08-22 18:00:00,"{'w': '0.1041', 'd': '0.1757', 'l': '0.7202'}"
107,True,"{'id': '76', 'title': 'West Bromwich Albion', 'short_title': 'WBA'}","{'id': '80', 'title': 'Chelsea', 'short_title': 'CHE'}","{'h': '2', 'a': '3'}","{'h': '1.42622', 'a': '2.02778'}",2015-08-23 16:30:00,"{'w': '0.2216', 'd': '0.2612', 'l': '0.5172'}"
108,True,"{'id': '72', 'title': 'Everton', 'short_title': 'EVE'}","{'id': '88', 'title': 'Manchester City', 'short_title': 'MCI'}","{'h': '0', 'a': '2'}","{'h': '0.579338', 'a': '1.57983'}",2015-08-23 19:00:00,"{'w': '0.1063', 'd': '0.2405', 'l': '0.6532'}"
109,True,"{'id': '90', 'title': 'Watford', 'short_title': 'WAT'}","{'id': '74', 'title': 'Southampton', 'short_title': 'SOU'}","{'h': '0', 'a': '0'}","{'h': '1.17588', 'a': '0.68359'}",2015-08-23 19:00:00,"{'w': '0.5229', 'd': '0.3118', 'l': '0.1653'}"
110,True,"{'id': '83', 'title': 'Arsenal', 'short_title': 'ARS'}","{'id': '87', 'title': 'Liverpool', 'short_title': 'LIV'}","{'h': '0', 'a': '0'}","{'h': '1.83755', 'a': '1.29206'}",2015-08-24 23:00:00,"{'w': '0.5114', 'd': '0.2628', 'l': '0.2258'}"
111,True,"{'id': '86', 'title': 'Newcastle United', 'short_title': 'NEW'}","{'id': '83', 'title': 'Arsenal', 'short_title': 'ARS'}","{'h': '0', 'a': '1'}","{'h': '0.0319694', 'a': '2.33948'}",2015-08-29 15:45:00,"{'w': '0.002', 'd': '0.0632', 'l': '0.9348'}"
112,True,"{'id': '85', 'title': 'Stoke', 'short_title': 'STO'}","{'id': '76', 'title': 'West Bromwich Albion', 'short_title': 'WBA'}","{'h': '0', 'a': '1'}","{'h': '1.21771', 'a': '0.881194'}",2015-08-29 18:00:00,"{'w': '0.4729', 'd': '0.3248', 'l': '0.2023'}"
113,True,"{'id': '71', 'title': 'Aston Villa', 'short_title': 'AVL'}","{'id': '77', 'title': 'Sunderland', 'short_title': 'SUN'}","{'h': '2', 'a': '2'}","{'h': '2.27406', 'a': '0.368848'}",2015-08-29 18:00:00,"{'w': '0.8747', 'd': '0.1005', 'l': '0.0248'}"
114,True,"{'id': '73', 'title': 'Bournemouth', 'short_title': 'BOU'}","{'id': '75', 'title': 'Leicester', 'short_title': 'LEI'}","{'h': '1', 'a': '1'}","{'h': '0.321432', 'a': '0.919097'}",2015-08-29 18:00:00,"{'w': '0.0747', 'd': '0.3278', 'l': '0.5975'}"
115,True,"{'id': '80', 'title': 'Chelsea', 'short_title': 'CHE'}","{'id': '78', 'title': 'Crystal Palace', 'short_title': 'CRY'}","{'h': '1', 'a': '2'}","{'h': '1.27906', 'a': '2.19283'}",2015-08-29 18:00:00,"{'w': '0.1779', 'd': '0.217', 'l': '0.6051'}"
116,True,"{'id': '87', 'title': 'Liverpool', 'short_title': 'LIV'}","{'id': '81', 'title': 'West Ham', 'short_title': 'WHU'}","{'h': '0', 'a': '3'}","{'h': '0.561737', 'a': '0.97217'}",2015-08-29 18:00:00,"{'w': '0.1978', 'd': '0.3352', 'l': '0.467'}"
117,True,"{'id': '88', 'title': 'Manchester City', 'short_title': 'MCI'}","{'id': '90', 'title': 'Watford', 'short_title': 'WAT'}","{'h': '2', 'a': '0'}","{'h': '1.52895', 'a': '0.363603'}",2015-08-29 18:00:00,"{'w': '0.7074', 'd': '0.2257', 'l': '0.0669'}"
118,True,"{'id': '82', 'title': 'Tottenham', 'short_title': 'TOT'}","{'id': '72', 'title': 'Everton', 'short_title': 'EVE'}","{'h': '0', 'a': '0'}","{'h': '1.99917', 'a': '0.694692'}",2015-08-29 20:30:00,"{'w': '0.7143', 'd': '0.1943', 'l': '0.0914'}"
119,True,"{'id': '74', 'title': 'Southampton', 'short_title': 'SOU'}","{'id': '79', 'title': 'Norwich', 'short_title': 'NOR'}","{'h': '3', 'a': '0'}","{'h': '2.85501', 'a': '0.639434'}",2015-08-30 16:30:00,"{'w': '0.9129', 'd': '0.0777', 'l': '0.0094'}"
120,True,"{'id': '84', 'title': 'Swansea', 'short_title': 'SWA'}","{'id': '89', 'title': 'Manchester United', 'short_title': 'MUN'}","{'h': '2', 'a': '1'}","{'h': '0.971183', 'a': '1.28089'}",2015-08-30 19:00:00,"{'w': '0.2526', 'd': '0.3113', 'l': '0.4361'}"
121,True,"{'id': '72', 'title': 'Everton', 'short_title': 'EVE'}","{'id': '80', 'title': 'Chelsea', 'short_title': 'CHE'}","{'h': '3', 'a': '1'}","{'h': '1.18026', 'a': '0.656048'}",2015-09-12 15:45:00,"{'w': '0.5186', 'd': '0.2999', 'l': '0.1815'}"
122,True,"{'id': '83', 'title': 'Arsenal', 'short_title': 'ARS'}","{'id': '85', 'title': 'Stoke', 'short_title': 'STO'}","{'h': '2', 'a': '0'}","{'h': '4.42684', 'a': '0.191277'}",2015-09-12 18:00:00,"{'w': '0.9918', 'd': '0.0075', 'l': '0.0007'}"
123,True,"{'id': '78', 'title': 'Crystal Palace', 'short_title': 'CRY'}","{'id': '88', 'title': 'Manchester City', 'short_title': 'MCI'}","{'h': '0', 'a': '1'}","{'h': '0.743193', 'a': '3.08883'}",2015-09-12 18:00:00,"{'w': '0.0179', 'd': '0.0647', 'l': '0.9174'}"
124,True,"{'id': '90', 'title': 'Watford', 'short_title': 'WAT'}","{'id': '84', 'title': 'Swansea', 'short_title': 'SWA'}","{'h': '1', 'a': '0'}","{'h': '1.57333', 'a': '0.503008'}",2015-09-12 18:00:00,"{'w': '0.684', 'd': '0.2293', 'l': '0.0867'}"
125,True,"{'id': '76', 'title': 'West Bromwich Albion', 'short_title': 'WBA'}","{'id': '74', 'title': 'Southampton', 'short_title': 'SOU'}","{'h': '0', 'a': '0'}","{'h': '0.409143', 'a': '1.00731'}",2015-09-12 18:00:00,"{'w': '0.1387', 'd': '0.3427', 'l': '0.5186'}"
126,True,"{'id': '79', 'title': 'Norwich', 'short_title': 'NOR'}","{'id': '73', 'title': 'Bournemouth', 'short_title': 'BOU'}","{'h': '3', 'a': '1'}","{'h': '1.33151', 'a': '0.389495'}",2015-09-12 18:00:00,"{'w': '0.6567', 'd': '0.2549', 'l': '0.0884'}"
127,True,"{'id': '89', 'title': 'Manchester United', 'short_title': 'MUN'}","{'id': '87', 'title': 'Liverpool', 'short_title': 'LIV'}","{'h': '3', 'a': '1'}","{'h': '1.46206', 'a': '1.02572'}",2015-09-12 20:30:00,"{'w': '0.4919', 'd': '0.318', 'l': '0.1901'}"
128,True,"{'id': '77', 'title': 'Sunderland', 'short_title': 'SUN'}","{'id': '82', 'title': 'Tottenham', 'short_title': 'TOT'}","{'h': '0', 'a': '1'}","{'h': '1.0407', 'a': '1.45615'}",2015-09-13 16:30:00,"{'w': '0.2401', 'd': '0.2976', 'l': '0.4623'}"
129,True,"{'id': '75', 'title': 'Leicester', 'short_title': 'LEI'}","{'id': '71', 'title': 'Aston Villa', 'short_title': 'AVL'}","{'h': '3', 'a': '2'}","{'h': '1.34987', 'a': '0.953181'}",2015-09-13 19:00:00,"{'w': '0.455', 'd': '0.3004', 'l': '0.2446'}"
130,True,"{'id': '81', 'title': 'West Ham', 'short_title': 'WHU'}","{'id': '86', 'title': 'Newcastle United', 'short_title': 'NEW'}","{'h': '2', 'a': '0'}","{'h': '1.71282', 'a': '0.716599'}",2015-09-14 23:00:00,"{'w': '0.6555', 'd': '0.233', 'l': '0.1115'}"
131,True,"{'id': '80', 'title': 'Chelsea', 'short_title': 'CHE'}","{'id': '83', 'title': 'Arsenal', 'short_title': 'ARS'}","{'h': '2', 'a': '0'}","{'h': '2.0687', 'a': '0.775312'}",2015-09-19 15:45:00,"{'w': '0.7235', 'd': '0.1909', 'l': '0.0856'}"
132,True,"{'id': '86', 'title': 'Newcastle United', 'short_title': 'NEW'}","{'id': '90', 'title': 'Watford', 'short_title': 'WAT'}","{'h': '1', 'a': '2'}","{'h': '1.15114', 'a': '1.33961'}",2015-09-19 18:00:00,"{'w': '0.2928', 'd': '0.3012', 'l': '0.406'}"
133,True,"{'id': '71', 'title': 'Aston Villa', 'short_title': 'AVL'}","{'id': '76', 'title': 'West Bromwich Albion', 'short_title': 'WBA'}","{'h': '0', 'a': '1'}","{'h': '0.876719', 'a': '0.632761'}",2015-09-19 18:00:00,"{'w': '0.3959', 'd': '0.3707', 'l': '0.2334'}"
134,True,"{'id': '73', 'title': 'Bournemouth', 'short_title': 'BOU'}","{'id': '77', 'title': 'Sunderland', 'short_title': 'SUN'}","{'h': '2', 'a': '0'}","{'h': '0.644335', 'a': '0.854867'}",2015-09-19 18:00:00,"{'w': '0.2375', 'd': '0.3629', 'l': '0.3996'}"
135,True,"{'id': '85', 'title': 'Stoke', 'short_title': 'STO'}","{'id': '75', 'title': 'Leicester', 'short_title': 'LEI'}","{'h': '2', 'a': '2'}","{'h': '1.14717', 'a': '1.22582'}",2015-09-19 18:00:00,"{'w': '0.3009', 'd': '0.3324', 'l': '0.3667'}"
136,True,"{'id': '84', 'title': 'Swansea', 'short_title': 'SWA'}","{'id': '72', 'title': 'Everton', 'short_title': 'EVE'}","{'h': '0', 'a': '0'}","{'h': '0.864868', 'a': '1.77458'}",2015-09-19 18:00:00,"{'w': '0.1553', 'd': '0.2346', 'l': '0.6101'}"
137,True,"{'id': '88', 'title': 'Manchester City', 'short_title': 'MCI'}","{'id': '81', 'title': 'West Ham', 'short_title': 'WHU'}","{'h': '1', 'a': '2'}","{'h': '2.98465', 'a': '0.995273'}",2015-09-19 20:30:00,"{'w': '0.8408', 'd': '0.1177', 'l': '0.0415'}"
138,True,"{'id': '82', 'title': 'Tottenham', 'short_title': 'TOT'}","{'id': '78', 'title': 'Crystal Palace', 'short_title': 'CRY'}","{'h': '1', 'a': '0'}","{'h': '1.01573', 'a': '0.538439'}",2015-09-20 16:30:00,"{'w': '0.4732', 'd': '0.3412', 'l': '0.1856'}"
139,True,"{'id': '74', 'title': 'Southampton', 'short_title': 'SOU'}","{'id': '89', 'title': 'Manchester United', 'short_title': 'MUN'}","{'h': '2', 'a': '3'}","{'h': '1.83663', 'a': '1.65119'}",2015-09-20 19:00:00,"{'w': '0.4195', 'd': '0.2506', 'l': '0.3299'}"
140,True,"{'id': '87', 'title': 'Liverpool', 'short_title': 'LIV'}","{'id': '79', 'title': 'Norwich', 'short_title': 'NOR'}","{'h': '1', 'a': '1'}","{'h': '1.90447', 'a': '0.556271'}",2015-09-20 19:00:00,"{'w': '0.7195', 'd': '0.1996', 'l': '0.0809'}"
141,True,"{'id': '82', 'title': 'Tottenham', 'short_title': 'TOT'}","{'id': '88', 'title': 'Manchester City', 'short_title': 'MCI'}","{'h': '4', 'a': '1'}","{'h': '2.30799', 'a': '1.57842'}",2015-09-26 15:45:00,"{'w': '0.5584', 'd': '0.2208', 'l': '0.2208'}"
142,True,"{'id': '74', 'title': 'Southampton', 'short_title': 'SOU'}","{'id': '84', 'title': 'Swansea', 'short_title': 'SWA'}","{'h': '3', 'a': '1'}","{'h': '1.55418', 'a': '1.41962'}",2015-09-26 18:00:00,"{'w': '0.3655', 'd': '0.3128', 'l': '0.3217'}"
143,True,"{'id': '85', 'title': 'Stoke', 'short_title': 'STO'}","{'id': '73', 'title': 'Bournemouth', 'short_title': 'BOU'}","{'h': '2', 'a': '1'}","{'h': '1.94483', 'a': '0.871678'}",2015-09-26 18:00:00,"{'w': '0.6734', 'd': '0.2181', 'l': '0.1085'}"
144,True,"{'id': '75', 'title': 'Leicester', 'short_title': 'LEI'}","{'id': '83', 'title': 'Arsenal', 'short_title': 'ARS'}","{'h': '2', 'a': '5'}","{'h': '1.38516', 'a': '3.89623'}",2015-09-26 18:00:00,"{'w': '0.0518', 'd': '0.0888', 'l': '0.8594'}"
145,True,"{'id': '87', 'title': 'Liverpool', 'short_title': 'LIV'}","{'id': '71', 'title': 'Aston Villa', 'short_title': 'AVL'}","{'h': '3', 'a': '2'}","{'h': '1.78331', 'a': '0.892054'}",2015-09-26 18:00:00,"{'w': '0.5951', 'd': '0.2444', 'l': '0.1605'}"
146,True,"{'id': '89', 'title': 'Manchester United', 'short_title': 'MUN'}","{'id': '77', 'title': 'Sunderland', 'short_title': 'SUN'}","{'h': '3', 'a': '0'}","{'h': '2.8971', 'a': '0.832139'}",2015-09-26 18:00:00,"{'w': '0.8918', 'd': '0.0905', 'l': '0.0177'}"
147,True,"{'id': '81', 'title': 'West Ham', 'short_title': 'WHU'}","{'id': '79', 'title': 'Norwich', 'short_title': 'NOR'}","{'h': '2', 'a': '2'}","{'h': '2.60407', 'a': '1.38603'}",2015-09-26 18:00:00,"{'w': '0.6699', 'd': '0.1845', 'l': '0.1456'}"
148,True,"{'id': '86', 'title': 'Newcastle United', 'short_title': 'NEW'}","{'id': '80', 'title': 'Chelsea', 'short_title': 'CHE'}","{'h': '2', 'a': '2'}","{'h': '0.702109', 'a': '1.30593'}",2015-09-26 20:30:00,"{'w': '0.1859', 'd': '0.291', 'l': '0.5231'}"
149,True,"{'id': '90', 'title': 'Watford', 'short_title': 'WAT'}","{'id': '78', 'title': 'Crystal Palace', 'short_title': 'CRY'}","{'h': '0', 'a': '1'}","{'h': '0.685939', 'a': '2.33566'}",2015-09-27 19:00:00,"{'w': '0.0569', 'd': '0.1435', 'l': '0.7996'}"
150,True,"{'id': '76', 'title': 'West Bromwich Albion', 'short_title': 'WBA'}","{'id': '72', 'title': 'Everton', 'short_title': 'EVE'}","{'h': '2', 'a': '3'}","{'h': '1.27511', 'a': '2.30159'}",2015-09-28 23:00:00,"{'w': '0.1438', 'd': '0.2157', 'l': '0.6405'}"
151,True,"{'id': '78', 'title': 'Crystal Palace', 'short_title': 'CRY'}","{'id': '76', 'title': 'West Bromwich Albion', 'short_title': 'WBA'}","{'h': '2', 'a': '0'}","{'h': '1.99083', 'a': '0.255528'}",2015-10-03 15:45:00,"{'w': '0.8739', 'd': '0.1063', 'l': '0.0198'}"
152,True,"{'id': '71', 'title': 'Aston Villa', 'short_title': 'AVL'}","{'id': '85', 'title': 'Stoke', 'short_title': 'STO'}","{'h': '0', 'a': '1'}","{'h': '0.839028', 'a': '1.03499'}",2015-10-03 18:00:00,"{'w': '0.2754', 'd': '0.3399', 'l': '0.3847'}"
153,True,"{'id': '73', 'title': 'Bournemouth', 'short_title': 'BOU'}","{'id': '90', 'title': 'Watford', 'short_title': 'WAT'}","{'h': '1', 'a': '1'}","{'h': '1.50268', 'a': '0.913291'}",2015-10-03 18:00:00,"{'w': '0.5344', 'd': '0.2944', 'l': '0.1712'}"
154,True,"{'id': '88', 'title': 'Manchester City', 'short_title': 'MCI'}","{'id': '86', 'title': 'Newcastle United', 'short_title': 'NEW'}","{'h': '6', 'a': '1'}","{'h': '3.3346', 'a': '0.980279'}",2015-10-03 18:00:00,"{'w': '0.8752', 'd': '0.0868', 'l': '0.038'}"
155,True,"{'id': '79', 'title': 'Norwich', 'short_title': 'NOR'}","{'id': '75', 'title': 'Leicester', 'short_title': 'LEI'}","{'h': '1', 'a': '2'}","{'h': '1.18074', 'a': '3.00282'}",2015-10-03 18:00:00,"{'w': '0.0678', 'd': '0.1304', 'l': '0.8018'}"
156,True,"{'id': '77', 'title': 'Sunderland', 'short_title': 'SUN'}","{'id': '81', 'title': 'West Ham', 'short_title': 'WHU'}","{'h': '2', 'a': '2'}","{'h': '1.08401', 'a': '1.93656'}",2015-10-03 18:00:00,"{'w': '0.1641', 'd': '0.2374', 'l': '0.5985'}"
157,True,"{'id': '80', 'title': 'Chelsea', 'short_title': 'CHE'}","{'id': '74', 'title': 'Southampton', 'short_title': 'SOU'}","{'h': '1', 'a': '3'}","{'h': '0.520175', 'a': '1.58246'}",2015-10-03 20:30:00,"{'w': '0.1026', 'd': '0.2361', 'l': '0.6613'}"
158,True,"{'id': '72', 'title': 'Everton', 'short_title': 'EVE'}","{'id': '87', 'title': 'Liverpool', 'short_title': 'LIV'}","{'h': '1', 'a': '1'}","{'h': '1.20063', 'a': '1.30844'}",2015-10-04 16:30:00,"{'w': '0.326', 'd': '0.2934', 'l': '0.3806'}"
159,True,"{'id': '84', 'title': 'Swansea', 'short_title': 'SWA'}","{'id': '82', 'title': 'Tottenham', 'short_title': 'TOT'}","{'h': '2', 'a': '2'}","{'h': '0.774806', 'a': '1.18142'}",2015-10-04 19:00:00,"{'w': '0.2346', 'd': '0.3024', 'l': '0.463'}"
160,True,"{'id': '83', 'title': 'Arsenal', 'short_title': 'ARS'}","{'id': '89', 'title': 'Manchester United', 'short_title': 'MUN'}","{'h': '3', 'a': '0'}","{'h': '2.16952', 'a': '1.03953'}",2015-10-04 19:00:00,"{'w': '0.6748', 'd': '0.2088', 'l': '0.1164'}"
161,True,"{'id': '82', 'title': 'Tottenham', 'short_title': 'TOT'}","{'id': '87', 'title': 'Liverpool', 'short_title': 'LIV'}","{'h': '0', 'a': '0'}","{'h': '0.586228', 'a': '0.715892'}",2015-10-17 15:45:00,"{'w': '0.2472', 'd': '0.4004', 'l': '0.3524'}"
162,True,"{'id': '74', 'title': 'Southampton', 'short_title': 'SOU'}","{'id': '75', 'title': 'Leicester', 'short_title': 'LEI'}","{'h': '2', 'a': '2'}","{'h': '1.46668', 'a': '2.78648'}",2015-10-17 18:00:00,"{'w': '0.1307', 'd': '0.1851', 'l': '0.6842'}"
163,True,"{'id': '76', 'title': 'West Bromwich Albion', 'short_title': 'WBA'}","{'id': '77', 'title': 'Sunderland', 'short_title': 'SUN'}","{'h': '1', 'a': '0'}","{'h': '2.07781', 'a': '0.658473'}",2015-10-17 18:00:00,"{'w': '0.8061', 'd': '0.1513', 'l': '0.0426'}"
164,True,"{'id': '80', 'title': 'Chelsea', 'short_title': 'CHE'}","{'id': '71', 'title': 'Aston Villa', 'short_title': 'AVL'}","{'h': '2', 'a': '0'}","{'h': '1.22875', 'a': '0.795846'}",2015-10-17 18:00:00,"{'w': '0.4675', 'd': '0.3206', 'l': '0.2119'}"
165,True,"{'id': '78', 'title': 'Crystal Palace', 'short_title': 'CRY'}","{'id': '81', 'title': 'West Ham', 'short_title': 'WHU'}","{'h': '1', 'a': '3'}","{'h': '1.08391', 'a': '2.76356'}",2015-10-17 18:00:00,"{'w': '0.0623', 'd': '0.1503', 'l': '0.7874'}"
166,True,"{'id': '72', 'title': 'Everton', 'short_title': 'EVE'}","{'id': '89', 'title': 'Manchester United', 'short_title': 'MUN'}","{'h': '0', 'a': '3'}","{'h': '0.653457', 'a': '1.47853'}",2015-10-17 18:00:00,"{'w': '0.1498', 'd': '0.2575', 'l': '0.5927'}"
167,True,"{'id': '88', 'title': 'Manchester City', 'short_title': 'MCI'}","{'id': '73', 'title': 'Bournemouth', 'short_title': 'BOU'}","{'h': '5', 'a': '1'}","{'h': '4.71274', 'a': '0.173025'}",2015-10-17 18:00:00,"{'w': '0.9979', 'd': '0.0021', 'l': '0'}"
168,True,"{'id': '90', 'title': 'Watford', 'short_title': 'WAT'}","{'id': '83', 'title': 'Arsenal', 'short_title': 'ARS'}","{'h': '0', 'a': '3'}","{'h': '0.254791', 'a': '2.69046'}",2015-10-17 20:30:00,"{'w': '0.0097', 'd': '0.0629', 'l': '0.9274'}"
169,True,"{'id': '86', 'title': 'Newcastle United', 'short_title': 'NEW'}","{'id': '79', 'title': 'Norwich', 'short_title': 'NOR'}","{'h': '6', 'a': '2'}","{'h': '2.24896', 'a': '1.34395'}",2015-10-18 19:00:00,"{'w': '0.602', 'd': '0.2198', 'l': '0.1782'}"
170,True,"{'id': '84', 'title': 'Swansea', 'short_title': 'SWA'}","{'id': '85', 'title': 'Stoke', 'short_title': 'STO'}","{'h': '0', 'a': '1'}","{'h': '0.485489', 'a': '1.64894'}",2015-10-19 23:00:00,"{'w': '0.0635', 'd': '0.2', 'l': '0.7365'}"
171,True,"{'id': '71', 'title': 'Aston Villa', 'short_title': 'AVL'}","{'id': '84', 'title': 'Swansea', 'short_title': 'SWA'}","{'h': '1', 'a': '2'}","{'h': '1.09516', 'a': '1.74353'}",2015-10-24 18:00:00,"{'w': '0.1816', 'd': '0.2666', 'l': '0.5518'}"
172,True,"{'id': '75', 'title': 'Leicester', 'short_title': 'LEI'}","{'id': '78', 'title': 'Crystal Palace', 'short_title': 'CRY'}","{'h': '1', 'a': '0'}","{'h': '1.33502', 'a': '0.240008'}",2015-10-24 18:00:00,"{'w': '0.8261', 'd': '0.1547', 'l': '0.0192'}"
173,True,"{'id': '81', 'title': 'West Ham', 'short_title': 'WHU'}","{'id': '80', 'title': 'Chelsea', 'short_title': 'CHE'}","{'h': '2', 'a': '1'}","{'h': '0.77284', 'a': '1.1356'}",2015-10-24 18:00:00,"{'w': '0.225', 'd': '0.3316', 'l': '0.4434'}"
174,True,"{'id': '79', 'title': 'Norwich', 'short_title': 'NOR'}","{'id': '76', 'title': 'West Bromwich Albion', 'short_title': 'WBA'}","{'h': '0', 'a': '1'}","{'h': '1.03228', 'a': '1.45436'}",2015-10-24 18:00:00,"{'w': '0.222', 'd': '0.2908', 'l': '0.4872'}"
175,True,"{'id': '85', 'title': 'Stoke', 'short_title': 'STO'}","{'id': '90', 'title': 'Watford', 'short_title': 'WAT'}","{'h': '0', 'a': '2'}","{'h': '0.848432', 'a': '1.0403'}",2015-10-24 18:00:00,"{'w': '0.2846', 'd': '0.3308', 'l': '0.3846'}"
176,True,"{'id': '83', 'title': 'Arsenal', 'short_title': 'ARS'}","{'id': '72', 'title': 'Everton', 'short_title': 'EVE'}","{'h': '2', 'a': '1'}","{'h': '2.55754', 'a': '0.373025'}",2015-10-24 20:30:00,"{'w': '0.9041', 'd': '0.0765', 'l': '0.0194'}"
177,True,"{'id': '77', 'title': 'Sunderland', 'short_title': 'SUN'}","{'id': '86', 'title': 'Newcastle United', 'short_title': 'NEW'}","{'h': '3', 'a': '0'}","{'h': '2.37969', 'a': '1.41744'}",2015-10-25 16:00:00,"{'w': '0.6564', 'd': '0.2071', 'l': '0.1365'}"
178,True,"{'id': '73', 'title': 'Bournemouth', 'short_title': 'BOU'}","{'id': '82', 'title': 'Tottenham', 'short_title': 'TOT'}","{'h': '1', 'a': '5'}","{'h': '0.490581', 'a': '3.43313'}",2015-10-25 18:05:00,"{'w': '0.0068', 'd': '0.0322', 'l': '0.961'}"
179,True,"{'id': '89', 'title': 'Manchester United', 'short_title': 'MUN'}","{'id': '88', 'title': 'Manchester City', 'short_title': 'MCI'}","{'h': '0', 'a': '0'}","{'h': '0.391754', 'a': '0.310718'}",2015-10-25 18:05:00,"{'w': '0.2594', 'd': '0.5534', 'l': '0.1872'}"
180,True,"{'id': '87', 'title': 'Liverpool', 'short_title': 'LIV'}","{'id': '74', 'title': 'Southampton', 'short_title': 'SOU'}","{'h': '1', 'a': '1'}","{'h': '0.682823', 'a': '1.56383'}",2015-10-25 20:15:00,"{'w': '0.0977', 'd': '0.2344', 'l': '0.6679'}"
181,True,"{'id': '80', 'title': 'Chelsea', 'short_title': 'CHE'}","{'id': '87', 'title': 'Liverpool', 'short_title': 'LIV'}","{'h': '1', 'a': '3'}","{'h': '0.735762', 'a': '0.839342'}",2015-10-31 16:45:00,"{'w': '0.2926', 'd': '0.3688', 'l': '0.3386'}"
182,True,"{'id': '78', 'title': 'Crystal Palace', 'short_title': 'CRY'}","{'id': '89', 'title': 'Manchester United', 'short_title': 'MUN'}","{'h': '0', 'a': '0'}","{'h': '0.939118', 'a': '0.394404'}",2015-10-31 19:00:00,"{'w': '0.5081', 'd': '0.3484', 'l': '0.1435'}"
183,True,"{'id': '88', 'title': 'Manchester City', 'short_title': 'MCI'}","{'id': '79', 'title': 'Norwich', 'short_title': 'NOR'}","{'h': '2', 'a': '1'}","{'h': '2.83557', 'a': '1.17497'}",2015-10-31 19:00:00,"{'w': '0.8173', 'd': '0.1426', 'l': '0.0401'}"
184,True,"{'id': '86', 'title': 'Newcastle United', 'short_title': 'NEW'}","{'id': '85', 'title': 'Stoke', 'short_title': 'STO'}","{'h': '0', 'a': '0'}","{'h': '1.26075', 'a': '1.38017'}",2015-10-31 19:00:00,"{'w': '0.3105', 'd': '0.2908', 'l': '0.3987'}"
185,True,"{'id': '84', 'title': 'Swansea', 'short_title': 'SWA'}","{'id': '83', 'title': 'Arsenal', 'short_title': 'ARS'}","{'h': '0', 'a': '3'}","{'h': '0.264441', 'a': '2.17657'}",2015-10-31 19:00:00,"{'w': '0.0193', 'd': '0.1095', 'l': '0.8712'}"
186,True,"{'id': '90', 'title': 'Watford', 'short_title': 'WAT'}","{'id': '81', 'title': 'West Ham', 'short_title': 'WHU'}","{'h': '2', 'a': '0'}","{'h': '1.61544', 'a': '0.605625'}",2015-10-31 19:00:00,"{'w': '0.6357', 'd': '0.2435', 'l': '0.1208'}"
187,True,"{'id': '76', 'title': 'West Bromwich Albion', 'short_title': 'WBA'}","{'id': '75', 'title': 'Leicester', 'short_title': 'LEI'}","{'h': '2', 'a': '3'}","{'h': '1.50447', 'a': '2.22545'}",2015-10-31 19:00:00,"{'w': '0.195', 'd': '0.2452', 'l': '0.5598'}"
188,True,"{'id': '72', 'title': 'Everton', 'short_title': 'EVE'}","{'id': '77', 'title': 'Sunderland', 'short_title': 'SUN'}","{'h': '6', 'a': '2'}","{'h': '2.34852', 'a': '1.21834'}",2015-11-01 17:30:00,"{'w': '0.6652', 'd': '0.1906', 'l': '0.1442'}"
189,True,"{'id': '74', 'title': 'Southampton', 'short_title': 'SOU'}","{'id': '73', 'title': 'Bournemouth', 'short_title': 'BOU'}","{'h': '2', 'a': '0'}","{'h': '1.15966', 'a': '0.712132'}",2015-11-01 20:00:00,"{'w': '0.4914', 'd': '0.3147', 'l': '0.1939'}"
190,True,"{'id': '82', 'title': 'Tottenham', 'short_title': 'TOT'}","{'id': '71', 'title': 'Aston Villa', 'short_title': 'AVL'}","{'h': '3', 'a': '1'}","{'h': '1.14374', 'a': '0.325711'}",2015-11-03 00:00:00,"{'w': '0.5938', 'd': '0.3045', 'l': '0.1017'}"
191,True,"{'id': '73', 'title': 'Bournemouth', 'short_title': 'BOU'}","{'id': '86', 'title': 'Newcastle United', 'short_title': 'NEW'}","{'h': '0', 'a': '1'}","{'h': '1.00427', 'a': '0.504409'}",2015-11-07 16:45:00,"{'w': '0.4623', 'd': '0.354', 'l': '0.1837'}"
192,True,"{'id': '75', 'title': 'Leicester', 'short_title': 'LEI'}","{'id': '90', 'title': 'Watford', 'short_title': 'WAT'}","{'h': '2', 'a': '1'}","{'h': '1.56389', 'a': '1.00531'}",2015-11-07 19:00:00,"{'w': '0.4997', 'd': '0.3379', 'l': '0.1624'}"
193,True,"{'id': '89', 'title': 'Manchester United', 'short_title': 'MUN'}","{'id': '76', 'title': 'West Bromwich Albion', 'short_title': 'WBA'}","{'h': '2', 'a': '0'}","{'h': '1.2779', 'a': '0.594031'}",2015-11-07 19:00:00,"{'w': '0.5652', 'd': '0.3248', 'l': '0.11'}"
194,True,"{'id': '79', 'title': 'Norwich', 'short_title': 'NOR'}","{'id': '84', 'title': 'Swansea', 'short_title': 'SWA'}","{'h': '1', 'a': '0'}","{'h': '1.19517', 'a': '0.402284'}",2015-11-07 19:00:00,"{'w': '0.6144', 'd': '0.2848', 'l': '0.1008'}"
195,True,"{'id': '81', 'title': 'West Ham', 'short_title': 'WHU'}","{'id': '72', 'title': 'Everton', 'short_title': 'EVE'}","{'h': '1', 'a': '1'}","{'h': '0.589567', 'a': '1.08814'}",2015-11-07 19:00:00,"{'w': '0.1745', 'd': '0.3264', 'l': '0.4991'}"
196,True,"{'id': '77', 'title': 'Sunderland', 'short_title': 'SUN'}","{'id': '74', 'title': 'Southampton', 'short_title': 'SOU'}","{'h': '0', 'a': '1'}","{'h': '0.299104', 'a': '1.79578'}",2015-11-07 19:00:00,"{'w': '0.0343', 'd': '0.1484', 'l': '0.8173'}"
197,True,"{'id': '85', 'title': 'Stoke', 'short_title': 'STO'}","{'id': '80', 'title': 'Chelsea', 'short_title': 'CHE'}","{'h': '1', 'a': '0'}","{'h': '0.825418', 'a': '1.02642'}",2015-11-07 21:30:00,"{'w': '0.2791', 'd': '0.3323', 'l': '0.3886'}"
198,True,"{'id': '71', 'title': 'Aston Villa', 'short_title': 'AVL'}","{'id': '88', 'title': 'Manchester City', 'short_title': 'MCI'}","{'h': '0', 'a': '0'}","{'h': '0.182741', 'a': '1.53281'}",2015-11-08 17:30:00,"{'w': '0.0255', 'd': '0.168', 'l': '0.8065'}"
199,True,"{'id': '83', 'title': 'Arsenal', 'short_title': 'ARS'}","{'id': '82', 'title': 'Tottenham', 'short_title': 'TOT'}","{'h': '1', 'a': '1'}","{'h': '2.01767', 'a': '0.90585'}",2015-11-08 20:00:00,"{'w': '0.6761', 'd': '0.1989', 'l': '0.125'}"
200,True,"{'id': '87', 'title': 'Liverpool', 'short_title': 'LIV'}","{'id': '78', 'title': 'Crystal Palace', 'short_title': 'CRY'}","{'h': '1', 'a': '2'}","{'h': '2.15673', 'a': '0.849281'}",2015-11-08 20:00:00,"{'w': '0.7015', 'd': '0.1917', 'l': '0.1068'}"
201,True,"{'id': '90', 'title': 'Watford', 'short_title': 'WAT'}","{'id': '89', 'title': 'Manchester United', 'short_title': 'MUN'}","{'h': '1', 'a': '2'}","{'h': '1.47077', 'a': '1.30264'}",2015-11-21 16:45:00,"{'w': '0.4077', 'd': '0.2975', 'l': '0.2948'}"
202,True,"{'id': '84', 'title': 'Swansea', 'short_title': 'SWA'}","{'id': '73', 'title': 'Bournemouth', 'short_title': 'BOU'}","{'h': '2', 'a': '2'}","{'h': '1.88526', 'a': '1.58509'}",2015-11-21 19:00:00,"{'w': '0.4528', 'd': '0.2667', 'l': '0.2805'}"
203,True,"{'id': '74', 'title': 'Southampton', 'short_title': 'SOU'}","{'id': '85', 'title': 'Stoke', 'short_title': 'STO'}","{'h': '0', 'a': '1'}","{'h': '0.709485', 'a': '1.19495'}",2015-11-21 19:00:00,"{'w': '0.2046', 'd': '0.3092', 'l': '0.4862'}"
204,True,"{'id': '76', 'title': 'West Bromwich Albion', 'short_title': 'WBA'}","{'id': '83', 'title': 'Arsenal', 'short_title': 'ARS'}","{'h': '2', 'a': '1'}","{'h': '0.332888', 'a': '2.08956'}",2015-11-21 19:00:00,"{'w': '0.0257', 'd': '0.1089', 'l': '0.8654'}"
205,True,"{'id': '86', 'title': 'Newcastle United', 'short_title': 'NEW'}","{'id': '75', 'title': 'Leicester', 'short_title': 'LEI'}","{'h': '0', 'a': '3'}","{'h': '0.372387', 'a': '3.27478'}",2015-11-21 19:00:00,"{'w': '0.0047', 'd': '0.0279', 'l': '0.9674'}"
206,True,"{'id': '72', 'title': 'Everton', 'short_title': 'EVE'}","{'id': '71', 'title': 'Aston Villa', 'short_title': 'AVL'}","{'h': '4', 'a': '0'}","{'h': '2.83068', 'a': '0.322061'}",2015-11-21 19:00:00,"{'w': '0.9355', 'd': '0.0534', 'l': '0.0111'}"
207,True,"{'id': '80', 'title': 'Chelsea', 'short_title': 'CHE'}","{'id': '79', 'title': 'Norwich', 'short_title': 'NOR'}","{'h': '1', 'a': '0'}","{'h': '2.16487', 'a': '0.202798'}",2015-11-21 19:00:00,"{'w': '0.8702', 'd': '0.1111', 'l': '0.0187'}"
208,True,"{'id': '88', 'title': 'Manchester City', 'short_title': 'MCI'}","{'id': '87', 'title': 'Liverpool', 'short_title': 'LIV'}","{'h': '1', 'a': '4'}","{'h': '1.08612', 'a': '2.61697'}",2015-11-21 21:30:00,"{'w': '0.0916', 'd': '0.1649', 'l': '0.7435'}"
209,True,"{'id': '82', 'title': 'Tottenham', 'short_title': 'TOT'}","{'id': '81', 'title': 'West Ham', 'short_title': 'WHU'}","{'h': '4', 'a': '1'}","{'h': '3.22353', 'a': '0.818937'}",2015-11-22 20:00:00,"{'w': '0.8979', 'd': '0.0791', 'l': '0.023'}"
210,True,"{'id': '78', 'title': 'Crystal Palace', 'short_title': 'CRY'}","{'id': '77', 'title': 'Sunderland', 'short_title': 'SUN'}","{'h': '0', 'a': '1'}","{'h': '0.696183', 'a': '1.30739'}",2015-11-24 00:00:00,"{'w': '0.1696', 'd': '0.283', 'l': '0.5474'}"
211,True,"{'id': '77', 'title': 'Sunderland', 'short_title': 'SUN'}","{'id': '85', 'title': 'Stoke', 'short_title': 'STO'}","{'h': '2', 'a': '0'}","{'h': '0.863466', 'a': '0.79464'}",2015-11-28 19:00:00,"{'w': '0.3156', 'd': '0.367', 'l': '0.3174'}"
212,True,"{'id': '71', 'title': 'Aston Villa', 'short_title': 'AVL'}","{'id': '90', 'title': 'Watford', 'short_title': 'WAT'}","{'h': '2', 'a': '3'}","{'h': '1.48969', 'a': '1.45176'}",2015-11-28 19:00:00,"{'w': '0.3732', 'd': '0.2821', 'l': '0.3447'}"
213,True,"{'id': '73', 'title': 'Bournemouth', 'short_title': 'BOU'}","{'id': '72', 'title': 'Everton', 'short_title': 'EVE'}","{'h': '3', 'a': '3'}","{'h': '1.69105', 'a': '0.729005'}",2015-11-28 19:00:00,"{'w': '0.6317', 'd': '0.2298', 'l': '0.1385'}"
214,True,"{'id': '78', 'title': 'Crystal Palace', 'short_title': 'CRY'}","{'id': '86', 'title': 'Newcastle United', 'short_title': 'NEW'}","{'h': '5', 'a': '1'}","{'h': '1.67836', 'a': '0.791299'}",2015-11-28 19:00:00,"{'w': '0.5981', 'd': '0.2543', 'l': '0.1476'}"
215,True,"{'id': '88', 'title': 'Manchester City', 'short_title': 'MCI'}","{'id': '74', 'title': 'Southampton', 'short_title': 'SOU'}","{'h': '3', 'a': '1'}","{'h': '2.12331', 'a': '1.24478'}",2015-11-28 19:00:00,"{'w': '0.6125', 'd': '0.2333', 'l': '0.1542'}"
216,True,"{'id': '75', 'title': 'Leicester', 'short_title': 'LEI'}","{'id': '89', 'title': 'Manchester United', 'short_title': 'MUN'}","{'h': '1', 'a': '1'}","{'h': '0.876256', 'a': '1.05613'}",2015-11-28 21:30:00,"{'w': '0.2717', 'd': '0.3525', 'l': '0.3758'}"
217,True,"{'id': '82', 'title': 'Tottenham', 'short_title': 'TOT'}","{'id': '80', 'title': 'Chelsea', 'short_title': 'CHE'}","{'h': '0', 'a': '0'}","{'h': '0.333494', 'a': '0.283375'}",2015-11-29 16:00:00,"{'w': '0.2151', 'd': '0.5885', 'l': '0.1964'}"
218,True,"{'id': '81', 'title': 'West Ham', 'short_title': 'WHU'}","{'id': '76', 'title': 'West Bromwich Albion', 'short_title': 'WBA'}","{'h': '1', 'a': '1'}","{'h': '1.41404', 'a': '0.866305'}",2015-11-29 18:05:00,"{'w': '0.4799', 'd': '0.3079', 'l': '0.2122'}"
219,True,"{'id': '87', 'title': 'Liverpool', 'short_title': 'LIV'}","{'id': '84', 'title': 'Swansea', 'short_title': 'SWA'}","{'h': '1', 'a': '0'}","{'h': '1.19358', 'a': '0.367517'}",2015-11-29 20:15:00,"{'w': '0.6697', 'd': '0.2541', 'l': '0.0762'}"
220,True,"{'id': '79', 'title': 'Norwich', 'short_title': 'NOR'}","{'id': '83', 'title': 'Arsenal', 'short_title': 'ARS'}","{'h': '1', 'a': '1'}","{'h': '1.01025', 'a': '1.65699'}",2015-11-29 20:15:00,"{'w': '0.1807', 'd': '0.2772', 'l': '0.5421'}"
221,True,"{'id': '85', 'title': 'Stoke', 'short_title': 'STO'}","{'id': '88', 'title': 'Manchester City', 'short_title': 'MCI'}","{'h': '2', 'a': '0'}","{'h': '2.01436', 'a': '0.483752'}",2015-12-05 16:45:00,"{'w': '0.8008', 'd': '0.1534', 'l': '0.0458'}"
222,True,"{'id': '84', 'title': 'Swansea', 'short_title': 'SWA'}","{'id': '75', 'title': 'Leicester', 'short_title': 'LEI'}","{'h': '0', 'a': '3'}","{'h': '0.780602', 'a': '2.20962'}",2015-12-05 19:00:00,"{'w': '0.0979', 'd': '0.1674', 'l': '0.7347'}"
223,True,"{'id': '90', 'title': 'Watford', 'short_title': 'WAT'}","{'id': '79', 'title': 'Norwich', 'short_title': 'NOR'}","{'h': '2', 'a': '0'}","{'h': '2.07199', 'a': '0.310524'}",2015-12-05 19:00:00,"{'w': '0.8662', 'd': '0.1112', 'l': '0.0226'}"
224,True,"{'id': '76', 'title': 'West Bromwich Albion', 'short_title': 'WBA'}","{'id': '82', 'title': 'Tottenham', 'short_title': 'TOT'}","{'h': '1', 'a': '1'}","{'h': '1.48695', 'a': '1.12876'}",2015-12-05 19:00:00,"{'w': '0.4505', 'd': '0.317', 'l': '0.2325'}"
225,True,"{'id': '83', 'title': 'Arsenal', 'short_title': 'ARS'}","{'id': '77', 'title': 'Sunderland', 'short_title': 'SUN'}","{'h': '3', 'a': '1'}","{'h': '2.29559', 'a': '1.5228'}",2015-12-05 19:00:00,"{'w': '0.5667', 'd': '0.2329', 'l': '0.2004'}"
226,True,"{'id': '89', 'title': 'Manchester United', 'short_title': 'MUN'}","{'id': '81', 'title': 'West Ham', 'short_title': 'WHU'}","{'h': '0', 'a': '0'}","{'h': '1.76061', 'a': '1.10206'}",2015-12-05 19:00:00,"{'w': '0.5319', 'd': '0.2566', 'l': '0.2115'}"
227,True,"{'id': '74', 'title': 'Southampton', 'short_title': 'SOU'}","{'id': '71', 'title': 'Aston Villa', 'short_title': 'AVL'}","{'h': '1', 'a': '1'}","{'h': '2.86051', 'a': '1.058'}",2015-12-05 19:00:00,"{'w': '0.7861', 'd': '0.143', 'l': '0.0709'}"
228,True,"{'id': '80', 'title': 'Chelsea', 'short_title': 'CHE'}","{'id': '73', 'title': 'Bournemouth', 'short_title': 'BOU'}","{'h': '0', 'a': '1'}","{'h': '1.66952', 'a': '1.25911'}",2015-12-05 21:30:00,"{'w': '0.4674', 'd': '0.2706', 'l': '0.262'}"
229,True,"{'id': '86', 'title': 'Newcastle United', 'short_title': 'NEW'}","{'id': '87', 'title': 'Liverpool', 'short_title': 'LIV'}","{'h': '2', 'a': '0'}","{'h': '0.646346', 'a': '0.999043'}",2015-12-06 20:00:00,"{'w': '0.1975', 'd': '0.3505', 'l': '0.452'}"
230,True,"{'id': '72', 'title': 'Everton', 'short_title': 'EVE'}","{'id': '78', 'title': 'Crystal Palace', 'short_title': 'CRY'}","{'h': '1', 'a': '1'}","{'h': '1.69774', 'a': '1.1905'}",2015-12-08 00:00:00,"{'w': '0.5012', 'd': '0.2789', 'l': '0.2199'}"
231,True,"{'id': '79', 'title': 'Norwich', 'short_title': 'NOR'}","{'id': '72', 'title': 'Everton', 'short_title': 'EVE'}","{'h': '1', 'a': '1'}","{'h': '1.49283', 'a': '2.43558'}",2015-12-12 16:45:00,"{'w': '0.164', 'd': '0.2323', 'l': '0.6037'}"
232,True,"{'id': '88', 'title': 'Manchester City', 'short_title': 'MCI'}","{'id': '84', 'title': 'Swansea', 'short_title': 'SWA'}","{'h': '2', 'a': '1'}","{'h': '1.34338', 'a': '0.962789'}",2015-12-12 19:00:00,"{'w': '0.4645', 'd': '0.2816', 'l': '0.2539'}"
233,True,"{'id': '77', 'title': 'Sunderland', 'short_title': 'SUN'}","{'id': '90', 'title': 'Watford', 'short_title': 'WAT'}","{'h': '0', 'a': '1'}","{'h': '0.879474', 'a': '2.0562'}",2015-12-12 19:00:00,"{'w': '0.1156', 'd': '0.2107', 'l': '0.6737'}"
234,True,"{'id': '78', 'title': 'Crystal Palace', 'short_title': 'CRY'}","{'id': '74', 'title': 'Southampton', 'short_title': 'SOU'}","{'h': '1', 'a': '0'}","{'h': '1.31177', 'a': '0.890411'}",2015-12-12 19:00:00,"{'w': '0.4797', 'd': '0.2971', 'l': '0.2232'}"
235,True,"{'id': '81', 'title': 'West Ham', 'short_title': 'WHU'}","{'id': '85', 'title': 'Stoke', 'short_title': 'STO'}","{'h': '0', 'a': '0'}","{'h': '1.13181', 'a': '1.87239'}",2015-12-12 19:00:00,"{'w': '0.1888', 'd': '0.2353', 'l': '0.5759'}"
236,True,"{'id': '73', 'title': 'Bournemouth', 'short_title': 'BOU'}","{'id': '89', 'title': 'Manchester United', 'short_title': 'MUN'}","{'h': '2', 'a': '1'}","{'h': '1.05032', 'a': '1.96768'}",2015-12-12 21:30:00,"{'w': '0.1405', 'd': '0.2388', 'l': '0.6207'}"
237,True,"{'id': '71', 'title': 'Aston Villa', 'short_title': 'AVL'}","{'id': '83', 'title': 'Arsenal', 'short_title': 'ARS'}","{'h': '0', 'a': '2'}","{'h': '1.00876', 'a': '1.68498'}",2015-12-13 17:30:00,"{'w': '0.1716', 'd': '0.2615', 'l': '0.5669'}"
238,True,"{'id': '87', 'title': 'Liverpool', 'short_title': 'LIV'}","{'id': '76', 'title': 'West Bromwich Albion', 'short_title': 'WBA'}","{'h': '2', 'a': '2'}","{'h': '2.12583', 'a': '0.835885'}",2015-12-13 20:00:00,"{'w': '0.6992', 'd': '0.2027', 'l': '0.0981'}"
239,True,"{'id': '82', 'title': 'Tottenham', 'short_title': 'TOT'}","{'id': '86', 'title': 'Newcastle United', 'short_title': 'NEW'}","{'h': '1', 'a': '2'}","{'h': '1.03317', 'a': '1.55252'}",2015-12-13 20:00:00,"{'w': '0.1837', 'd': '0.2912', 'l': '0.5251'}"
240,True,"{'id': '75', 'title': 'Leicester', 'short_title': 'LEI'}","{'id': '80', 'title': 'Chelsea', 'short_title': 'CHE'}","{'h': '2', 'a': '1'}","{'h': '0.708846', 'a': '2.26887'}",2015-12-15 00:00:00,"{'w': '0.0526', 'd': '0.1514', 'l': '0.796'}"
241,True,"{'id': '76', 'title': 'West Bromwich Albion', 'short_title': 'WBA'}","{'id': '73', 'title': 'Bournemouth', 'short_title': 'BOU'}","{'h': '1', 'a': '2'}","{'h': '0.698255', 'a': '1.89177'}",2015-12-19 19:00:00,"{'w': '0.0774', 'd': '0.2036', 'l': '0.719'}"
242,True,"{'id': '74', 'title': 'Southampton', 'short_title': 'SOU'}","{'id': '82', 'title': 'Tottenham', 'short_title': 'TOT'}","{'h': '0', 'a': '2'}","{'h': '0.83385', 'a': '1.47453'}",2015-12-19 19:00:00,"{'w': '0.178', 'd': '0.2709', 'l': '0.5511'}"
243,True,"{'id': '85', 'title': 'Stoke', 'short_title': 'STO'}","{'id': '78', 'title': 'Crystal Palace', 'short_title': 'CRY'}","{'h': '1', 'a': '2'}","{'h': '2.41499', 'a': '1.95347'}",2015-12-19 19:00:00,"{'w': '0.4761', 'd': '0.2468', 'l': '0.2771'}"
244,True,"{'id': '80', 'title': 'Chelsea', 'short_title': 'CHE'}","{'id': '77', 'title': 'Sunderland', 'short_title': 'SUN'}","{'h': '3', 'a': '1'}","{'h': '3.02023', 'a': '1.23573'}",2015-12-19 19:00:00,"{'w': '0.8122', 'd': '0.1333', 'l': '0.0545'}"
245,True,"{'id': '72', 'title': 'Everton', 'short_title': 'EVE'}","{'id': '75', 'title': 'Leicester', 'short_title': 'LEI'}","{'h': '2', 'a': '3'}","{'h': '1.48982', 'a': '2.02911'}",2015-12-19 19:00:00,"{'w': '0.1942', 'd': '0.2849', 'l': '0.5209'}"
246,True,"{'id': '89', 'title': 'Manchester United', 'short_title': 'MUN'}","{'id': '79', 'title': 'Norwich', 'short_title': 'NOR'}","{'h': '1', 'a': '2'}","{'h': '1.01394', 'a': '0.556897'}",2015-12-19 19:00:00,"{'w': '0.4673', 'd': '0.3409', 'l': '0.1918'}"
247,True,"{'id': '86', 'title': 'Newcastle United', 'short_title': 'NEW'}","{'id': '71', 'title': 'Aston Villa', 'short_title': 'AVL'}","{'h': '1', 'a': '1'}","{'h': '1.28189', 'a': '0.404373'}",2015-12-19 21:30:00,"{'w': '0.6335', 'd': '0.2673', 'l': '0.0992'}"
248,True,"{'id': '90', 'title': 'Watford', 'short_title': 'WAT'}","{'id': '87', 'title': 'Liverpool', 'short_title': 'LIV'}","{'h': '3', 'a': '0'}","{'h': '1.99336', 'a': '0.376313'}",2015-12-20 17:30:00,"{'w': '0.8673', 'd': '0.104', 'l': '0.0287'}"
249,True,"{'id': '84', 'title': 'Swansea', 'short_title': 'SWA'}","{'id': '81', 'title': 'West Ham', 'short_title': 'WHU'}","{'h': '0', 'a': '0'}","{'h': '0.973378', 'a': '0.401988'}",2015-12-20 20:00:00,"{'w': '0.4913', 'd': '0.358', 'l': '0.1507'}"
250,True,"{'id': '83', 'title': 'Arsenal', 'short_title': 'ARS'}","{'id': '88', 'title': 'Manchester City', 'short_title': 'MCI'}","{'h': '2', 'a': '1'}","{'h': '1.50109', 'a': '0.769378'}",2015-12-22 00:00:00,"{'w': '0.5799', 'd': '0.261', 'l': '0.1591'}"
251,True,"{'id': '85', 'title': 'Stoke', 'short_title': 'STO'}","{'id': '89', 'title': 'Manchester United', 'short_title': 'MUN'}","{'h': '2', 'a': '0'}","{'h': '1.18211', 'a': '1.28961'}",2015-12-26 16:45:00,"{'w': '0.3096', 'd': '0.311', 'l': '0.3794'}"
252,True,"{'id': '84', 'title': 'Swansea', 'short_title': 'SWA'}","{'id': '76', 'title': 'West Bromwich Albion', 'short_title': 'WBA'}","{'h': '1', 'a': '0'}","{'h': '1.21243', 'a': '0.554583'}",2015-12-26 19:00:00,"{'w': '0.6207', 'd': '0.2896', 'l': '0.0897'}"
253,True,"{'id': '82', 'title': 'Tottenham', 'short_title': 'TOT'}","{'id': '79', 'title': 'Norwich', 'short_title': 'NOR'}","{'h': '3', 'a': '0'}","{'h': '2.40666', 'a': '0.452019'}",2015-12-26 19:00:00,"{'w': '0.8655', 'd': '0.1065', 'l': '0.028'}"
254,True,"{'id': '71', 'title': 'Aston Villa', 'short_title': 'AVL'}","{'id': '81', 'title': 'West Ham', 'short_title': 'WHU'}","{'h': '1', 'a': '1'}","{'h': '1.61235', 'a': '0.836027'}",2015-12-26 19:00:00,"{'w': '0.5853', 'd': '0.2727', 'l': '0.142'}"
255,True,"{'id': '73', 'title': 'Bournemouth', 'short_title': 'BOU'}","{'id': '78', 'title': 'Crystal Palace', 'short_title': 'CRY'}","{'h': '0', 'a': '0'}","{'h': '0.871395', 'a': '0.405181'}",2015-12-26 19:00:00,"{'w': '0.4664', 'd': '0.3836', 'l': '0.15'}"
256,True,"{'id': '80', 'title': 'Chelsea', 'short_title': 'CHE'}","{'id': '90', 'title': 'Watford', 'short_title': 'WAT'}","{'h': '2', 'a': '2'}","{'h': '2.09356', 'a': '1.667'}",2015-12-26 19:00:00,"{'w': '0.4647', 'd': '0.2681', 'l': '0.2672'}"
257,True,"{'id': '87', 'title': 'Liverpool', 'short_title': 'LIV'}","{'id': '75', 'title': 'Leicester', 'short_title': 'LEI'}","{'h': '1', 'a': '0'}","{'h': '1.37933', 'a': '0.505167'}",2015-12-26 19:00:00,"{'w': '0.6019', 'd': '0.2772', 'l': '0.1209'}"
258,True,"{'id': '88', 'title': 'Manchester City', 'short_title': 'MCI'}","{'id': '77', 'title': 'Sunderland', 'short_title': 'SUN'}","{'h': '4', 'a': '1'}","{'h': '3.51848', 'a': '1.08103'}",2015-12-26 19:00:00,"{'w': '0.898', 'd': '0.076', 'l': '0.026'}"
259,True,"{'id': '86', 'title': 'Newcastle United', 'short_title': 'NEW'}","{'id': '72', 'title': 'Everton', 'short_title': 'EVE'}","{'h': '0', 'a': '1'}","{'h': '1.35711', 'a': '1.69923'}",2015-12-26 21:30:00,"{'w': '0.281', 'd': '0.2713', 'l': '0.4477'}"
260,True,"{'id': '74', 'title': 'Southampton', 'short_title': 'SOU'}","{'id': '83', 'title': 'Arsenal', 'short_title': 'ARS'}","{'h': '4', 'a': '0'}","{'h': '2.4303', 'a': '0.83106'}",2015-12-26 23:45:00,"{'w': '0.7896', 'd': '0.1524', 'l': '0.058'}"
261,True,"{'id': '76', 'title': 'West Bromwich Albion', 'short_title': 'WBA'}","{'id': '86', 'title': 'Newcastle United', 'short_title': 'NEW'}","{'h': '1', 'a': '0'}","{'h': '2.1039', 'a': '0.456189'}",2015-12-28 19:00:00,"{'w': '0.7878', 'd': '0.1548', 'l': '0.0574'}"
262,True,"{'id': '90', 'title': 'Watford', 'short_title': 'WAT'}","{'id': '82', 'title': 'Tottenham', 'short_title': 'TOT'}","{'h': '1', 'a': '2'}","{'h': '1.13011', 'a': '0.527248'}",2015-12-28 19:00:00,"{'w': '0.5728', 'd': '0.3087', 'l': '0.1185'}"
263,True,"{'id': '79', 'title': 'Norwich', 'short_title': 'NOR'}","{'id': '71', 'title': 'Aston Villa', 'short_title': 'AVL'}","{'h': '2', 'a': '0'}","{'h': '1.10319', 'a': '0.235874'}",2015-12-28 19:00:00,"{'w': '0.6386', 'd': '0.2924', 'l': '0.069'}"
264,True,"{'id': '78', 'title': 'Crystal Palace', 'short_title': 'CRY'}","{'id': '84', 'title': 'Swansea', 'short_title': 'SWA'}","{'h': '0', 'a': '0'}","{'h': '0.735185', 'a': '0.169425'}",2015-12-28 19:00:00,"{'w': '0.5035', 'd': '0.4244', 'l': '0.0721'}"
265,True,"{'id': '72', 'title': 'Everton', 'short_title': 'EVE'}","{'id': '85', 'title': 'Stoke', 'short_title': 'STO'}","{'h': '3', 'a': '4'}","{'h': '2.2472', 'a': '1.58159'}",2015-12-28 19:00:00,"{'w': '0.5398', 'd': '0.2561', 'l': '0.2041'}"
266,True,"{'id': '83', 'title': 'Arsenal', 'short_title': 'ARS'}","{'id': '73', 'title': 'Bournemouth', 'short_title': 'BOU'}","{'h': '2', 'a': '0'}","{'h': '3.12958', 'a': '0.343752'}",2015-12-28 21:30:00,"{'w': '0.9481', 'd': '0.0435', 'l': '0.0084'}"
267,True,"{'id': '89', 'title': 'Manchester United', 'short_title': 'MUN'}","{'id': '80', 'title': 'Chelsea', 'short_title': 'CHE'}","{'h': '0', 'a': '0'}","{'h': '1.35213', 'a': '0.900029'}",2015-12-28 21:30:00,"{'w': '0.4964', 'd': '0.3069', 'l': '0.1967'}"
268,True,"{'id': '81', 'title': 'West Ham', 'short_title': 'WHU'}","{'id': '74', 'title': 'Southampton', 'short_title': 'SOU'}","{'h': '2', 'a': '1'}","{'h': '1.79562', 'a': '1.3709'}",2015-12-28 21:30:00,"{'w': '0.4794', 'd': '0.2713', 'l': '0.2493'}"
269,True,"{'id': '75', 'title': 'Leicester', 'short_title': 'LEI'}","{'id': '88', 'title': 'Manchester City', 'short_title': 'MCI'}","{'h': '0', 'a': '0'}","{'h': '0.810377', 'a': '1.66777'}",2015-12-29 23:45:00,"{'w': '0.1529', 'd': '0.2457', 'l': '0.6014'}"
270,True,"{'id': '77', 'title': 'Sunderland', 'short_title': 'SUN'}","{'id': '87', 'title': 'Liverpool', 'short_title': 'LIV'}","{'h': '0', 'a': '1'}","{'h': '0.481551', 'a': '1.80743'}",2015-12-30 23:45:00,"{'w': '0.0688', 'd': '0.1947', 'l': '0.7365'}"
271,True,"{'id': '81', 'title': 'West Ham', 'short_title': 'WHU'}","{'id': '87', 'title': 'Liverpool', 'short_title': 'LIV'}","{'h': '2', 'a': '0'}","{'h': '2.06737', 'a': '1.86591'}",2016-01-02 16:45:00,"{'w': '0.4218', 'd': '0.2629', 'l': '0.3153'}"
272,True,"{'id': '76', 'title': 'West Bromwich Albion', 'short_title': 'WBA'}","{'id': '85', 'title': 'Stoke', 'short_title': 'STO'}","{'h': '2', 'a': '1'}","{'h': '1.72318', 'a': '0.917526'}",2016-01-02 19:00:00,"{'w': '0.5918', 'd': '0.2634', 'l': '0.1448'}"
273,True,"{'id': '83', 'title': 'Arsenal', 'short_title': 'ARS'}","{'id': '86', 'title': 'Newcastle United', 'short_title': 'NEW'}","{'h': '1', 'a': '0'}","{'h': '1.93025', 'a': '1.15339'}",2016-01-02 19:00:00,"{'w': '0.5807', 'd': '0.2277', 'l': '0.1916'}"
274,True,"{'id': '75', 'title': 'Leicester', 'short_title': 'LEI'}","{'id': '73', 'title': 'Bournemouth', 'short_title': 'BOU'}","{'h': '0', 'a': '0'}","{'h': '2.28506', 'a': '1.2593'}",2016-01-02 19:00:00,"{'w': '0.6484', 'd': '0.2224', 'l': '0.1292'}"
275,True,"{'id': '89', 'title': 'Manchester United', 'short_title': 'MUN'}","{'id': '84', 'title': 'Swansea', 'short_title': 'SWA'}","{'h': '2', 'a': '1'}","{'h': '1.74266', 'a': '0.542907'}",2016-01-02 19:00:00,"{'w': '0.6836', 'd': '0.2232', 'l': '0.0932'}"
276,True,"{'id': '79', 'title': 'Norwich', 'short_title': 'NOR'}","{'id': '74', 'title': 'Southampton', 'short_title': 'SOU'}","{'h': '1', 'a': '0'}","{'h': '1.50509', 'a': '0.932294'}",2016-01-02 19:00:00,"{'w': '0.5291', 'd': '0.2772', 'l': '0.1937'}"
277,True,"{'id': '77', 'title': 'Sunderland', 'short_title': 'SUN'}","{'id': '71', 'title': 'Aston Villa', 'short_title': 'AVL'}","{'h': '3', 'a': '1'}","{'h': '0.761225', 'a': '0.27956'}",2016-01-02 19:00:00,"{'w': '0.4432', 'd': '0.4303', 'l': '0.1265'}"
278,True,"{'id': '90', 'title': 'Watford', 'short_title': 'WAT'}","{'id': '88', 'title': 'Manchester City', 'short_title': 'MCI'}","{'h': '1', 'a': '2'}","{'h': '0.985368', 'a': '0.692054'}",2016-01-02 21:30:00,"{'w': '0.4296', 'd': '0.3301', 'l': '0.2403'}"
279,True,"{'id': '78', 'title': 'Crystal Palace', 'short_title': 'CRY'}","{'id': '80', 'title': 'Chelsea', 'short_title': 'CHE'}","{'h': '0', 'a': '3'}","{'h': '0.546499', 'a': '2.3747'}",2016-01-03 17:30:00,"{'w': '0.0296', 'd': '0.1141', 'l': '0.8563'}"
280,True,"{'id': '72', 'title': 'Everton', 'short_title': 'EVE'}","{'id': '82', 'title': 'Tottenham', 'short_title': 'TOT'}","{'h': '1', 'a': '1'}","{'h': '0.721603', 'a': '0.75907'}",2016-01-03 20:00:00,"{'w': '0.3064', 'd': '0.3709', 'l': '0.3227'}"
281,True,"{'id': '86', 'title': 'Newcastle United', 'short_title': 'NEW'}","{'id': '89', 'title': 'Manchester United', 'short_title': 'MUN'}","{'h': '3', 'a': '3'}","{'h': '1.81304', 'a': '2.36216'}",2016-01-12 23:45:00,"{'w': '0.2452', 'd': '0.2462', 'l': '0.5086'}"
282,True,"{'id': '71', 'title': 'Aston Villa', 'short_title': 'AVL'}","{'id': '78', 'title': 'Crystal Palace', 'short_title': 'CRY'}","{'h': '1', 'a': '0'}","{'h': '0.551973', 'a': '0.547913'}",2016-01-12 23:45:00,"{'w': '0.2757', 'd': '0.4363', 'l': '0.288'}"
283,True,"{'id': '73', 'title': 'Bournemouth', 'short_title': 'BOU'}","{'id': '81', 'title': 'West Ham', 'short_title': 'WHU'}","{'h': '1', 'a': '3'}","{'h': '0.729546', 'a': '1.18455'}",2016-01-12 23:45:00,"{'w': '0.1899', 'd': '0.3365', 'l': '0.4736'}"
284,True,"{'id': '74', 'title': 'Southampton', 'short_title': 'SOU'}","{'id': '90', 'title': 'Watford', 'short_title': 'WAT'}","{'h': '2', 'a': '0'}","{'h': '1.7224', 'a': '0.11543'}",2016-01-13 23:45:00,"{'w': '0.8237', 'd': '0.1591', 'l': '0.0172'}"
285,True,"{'id': '85', 'title': 'Stoke', 'short_title': 'STO'}","{'id': '79', 'title': 'Norwich', 'short_title': 'NOR'}","{'h': '3', 'a': '1'}","{'h': '1.24456', 'a': '0.193728'}",2016-01-13 23:45:00,"{'w': '0.6995', 'd': '0.2532', 'l': '0.0473'}"
286,True,"{'id': '84', 'title': 'Swansea', 'short_title': 'SWA'}","{'id': '77', 'title': 'Sunderland', 'short_title': 'SUN'}","{'h': '2', 'a': '4'}","{'h': '1.06526', 'a': '2.49057'}",2016-01-13 23:45:00,"{'w': '0.0471', 'd': '0.1615', 'l': '0.7914'}"
287,True,"{'id': '80', 'title': 'Chelsea', 'short_title': 'CHE'}","{'id': '76', 'title': 'West Bromwich Albion', 'short_title': 'WBA'}","{'h': '2', 'a': '2'}","{'h': '1.38532', 'a': '0.704263'}",2016-01-13 23:45:00,"{'w': '0.5706', 'd': '0.2724', 'l': '0.157'}"
288,True,"{'id': '88', 'title': 'Manchester City', 'short_title': 'MCI'}","{'id': '72', 'title': 'Everton', 'short_title': 'EVE'}","{'h': '0', 'a': '0'}","{'h': '1.44957', 'a': '0.369548'}",2016-01-13 23:45:00,"{'w': '0.6669', 'd': '0.2516', 'l': '0.0815'}"
289,True,"{'id': '87', 'title': 'Liverpool', 'short_title': 'LIV'}","{'id': '83', 'title': 'Arsenal', 'short_title': 'ARS'}","{'h': '3', 'a': '3'}","{'h': '1.16222', 'a': '2.22912'}",2016-01-14 00:00:00,"{'w': '0.1365', 'd': '0.1982', 'l': '0.6653'}"
290,True,"{'id': '82', 'title': 'Tottenham', 'short_title': 'TOT'}","{'id': '75', 'title': 'Leicester', 'short_title': 'LEI'}","{'h': '0', 'a': '1'}","{'h': '1.2301', 'a': '0.588708'}",2016-01-14 00:00:00,"{'w': '0.5268', 'd': '0.3044', 'l': '0.1688'}"
291,True,"{'id': '82', 'title': 'Tottenham', 'short_title': 'TOT'}","{'id': '77', 'title': 'Sunderland', 'short_title': 'SUN'}","{'h': '4', 'a': '1'}","{'h': '2.02579', 'a': '0.617306'}",2016-01-16 16:45:00,"{'w': '0.7545', 'd': '0.1805', 'l': '0.065'}"
292,True,"{'id': '88', 'title': 'Manchester City', 'short_title': 'MCI'}","{'id': '78', 'title': 'Crystal Palace', 'short_title': 'CRY'}","{'h': '4', 'a': '0'}","{'h': '1.74025', 'a': '0.613339'}",2016-01-16 19:00:00,"{'w': '0.6974', 'd': '0.2173', 'l': '0.0853'}"
293,True,"{'id': '86', 'title': 'Newcastle United', 'short_title': 'NEW'}","{'id': '81', 'title': 'West Ham', 'short_title': 'WHU'}","{'h': '2', 'a': '1'}","{'h': '1.84261', 'a': '1.08248'}",2016-01-16 19:00:00,"{'w': '0.566', 'd': '0.2425', 'l': '0.1915'}"
294,True,"{'id': '74', 'title': 'Southampton', 'short_title': 'SOU'}","{'id': '76', 'title': 'West Bromwich Albion', 'short_title': 'WBA'}","{'h': '3', 'a': '0'}","{'h': '1.42623', 'a': '0.410757'}",2016-01-16 19:00:00,"{'w': '0.7089', 'd': '0.2237', 'l': '0.0674'}"
295,True,"{'id': '80', 'title': 'Chelsea', 'short_title': 'CHE'}","{'id': '72', 'title': 'Everton', 'short_title': 'EVE'}","{'h': '3', 'a': '3'}","{'h': '2.44864', 'a': '1.5891'}",2016-01-16 19:00:00,"{'w': '0.6084', 'd': '0.2338', 'l': '0.1578'}"
296,True,"{'id': '73', 'title': 'Bournemouth', 'short_title': 'BOU'}","{'id': '79', 'title': 'Norwich', 'short_title': 'NOR'}","{'h': '3', 'a': '0'}","{'h': '2.53086', 'a': '0.595472'}",2016-01-16 19:00:00,"{'w': '0.8615', 'd': '0.1054', 'l': '0.0331'}"
297,True,"{'id': '71', 'title': 'Aston Villa', 'short_title': 'AVL'}","{'id': '75', 'title': 'Leicester', 'short_title': 'LEI'}","{'h': '1', 'a': '1'}","{'h': '0.665386', 'a': '2.21525'}",2016-01-16 21:30:00,"{'w': '0.051', 'd': '0.1399', 'l': '0.8091'}"
298,True,"{'id': '87', 'title': 'Liverpool', 'short_title': 'LIV'}","{'id': '89', 'title': 'Manchester United', 'short_title': 'MUN'}","{'h': '0', 'a': '1'}","{'h': '0.952974', 'a': '0.715703'}",2016-01-17 18:05:00,"{'w': '0.379', 'd': '0.3618', 'l': '0.2592'}"
299,True,"{'id': '85', 'title': 'Stoke', 'short_title': 'STO'}","{'id': '83', 'title': 'Arsenal', 'short_title': 'ARS'}","{'h': '0', 'a': '0'}","{'h': '0.546879', 'a': '0.585841'}",2016-01-17 20:15:00,"{'w': '0.2667', 'd': '0.4343', 'l': '0.299'}"
300,True,"{'id': '84', 'title': 'Swansea', 'short_title': 'SWA'}","{'id': '90', 'title': 'Watford', 'short_title': 'WAT'}","{'h': '1', 'a': '0'}","{'h': '0.474035', 'a': '0.525478'}",2016-01-19 00:00:00,"{'w': '0.2495', 'd': '0.4633', 'l': '0.2872'}"
301,True,"{'id': '79', 'title': 'Norwich', 'short_title': 'NOR'}","{'id': '87', 'title': 'Liverpool', 'short_title': 'LIV'}","{'h': '4', 'a': '5'}","{'h': '1.03432', 'a': '1.44943'}",2016-01-23 16:45:00,"{'w': '0.2233', 'd': '0.3216', 'l': '0.4551'}"
302,True,"{'id': '78', 'title': 'Crystal Palace', 'short_title': 'CRY'}","{'id': '82', 'title': 'Tottenham', 'short_title': 'TOT'}","{'h': '1', 'a': '3'}","{'h': '0.930792', 'a': '1.74368'}",2016-01-23 19:00:00,"{'w': '0.1771', 'd': '0.2463', 'l': '0.5766'}"
303,True,"{'id': '89', 'title': 'Manchester United', 'short_title': 'MUN'}","{'id': '74', 'title': 'Southampton', 'short_title': 'SOU'}","{'h': '0', 'a': '1'}","{'h': '0.187217', 'a': '0.83591'}",2016-01-23 19:00:00,"{'w': '0.0676', 'd': '0.3885', 'l': '0.5439'}"
304,True,"{'id': '75', 'title': 'Leicester', 'short_title': 'LEI'}","{'id': '85', 'title': 'Stoke', 'short_title': 'STO'}","{'h': '3', 'a': '0'}","{'h': '2.25906', 'a': '0.340483'}",2016-01-23 19:00:00,"{'w': '0.8687', 'd': '0.1115', 'l': '0.0198'}"
305,True,"{'id': '76', 'title': 'West Bromwich Albion', 'short_title': 'WBA'}","{'id': '71', 'title': 'Aston Villa', 'short_title': 'AVL'}","{'h': '0', 'a': '0'}","{'h': '0.23184', 'a': '0.562461'}",2016-01-23 19:00:00,"{'w': '0.1251', 'd': '0.5024', 'l': '0.3725'}"
306,True,"{'id': '77', 'title': 'Sunderland', 'short_title': 'SUN'}","{'id': '73', 'title': 'Bournemouth', 'short_title': 'BOU'}","{'h': '1', 'a': '1'}","{'h': '0.612134', 'a': '1.26851'}",2016-01-23 19:00:00,"{'w': '0.1541', 'd': '0.2939', 'l': '0.552'}"
307,True,"{'id': '90', 'title': 'Watford', 'short_title': 'WAT'}","{'id': '86', 'title': 'Newcastle United', 'short_title': 'NEW'}","{'h': '2', 'a': '1'}","{'h': '2.58707', 'a': '1.29267'}",2016-01-23 19:00:00,"{'w': '0.6936', 'd': '0.1839', 'l': '0.1225'}"
308,True,"{'id': '81', 'title': 'West Ham', 'short_title': 'WHU'}","{'id': '88', 'title': 'Manchester City', 'short_title': 'MCI'}","{'h': '2', 'a': '2'}","{'h': '1.01267', 'a': '1.73182'}",2016-01-23 21:30:00,"{'w': '0.1649', 'd': '0.2729', 'l': '0.5622'}"
309,True,"{'id': '72', 'title': 'Everton', 'short_title': 'EVE'}","{'id': '84', 'title': 'Swansea', 'short_title': 'SWA'}","{'h': '1', 'a': '2'}","{'h': '1.94094', 'a': '1.08055'}",2016-01-24 17:30:00,"{'w': '0.5925', 'd': '0.2715', 'l': '0.136'}"
310,True,"{'id': '83', 'title': 'Arsenal', 'short_title': 'ARS'}","{'id': '80', 'title': 'Chelsea', 'short_title': 'CHE'}","{'h': '0', 'a': '1'}","{'h': '1.10907', 'a': '1.48778'}",2016-01-24 20:00:00,"{'w': '0.2445', 'd': '0.2932', 'l': '0.4623'}"
311,True,"{'id': '83', 'title': 'Arsenal', 'short_title': 'ARS'}","{'id': '74', 'title': 'Southampton', 'short_title': 'SOU'}","{'h': '0', 'a': '0'}","{'h': '3.38487', 'a': '0.93405'}",2016-02-02 23:45:00,"{'w': '0.8857', 'd': '0.0828', 'l': '0.0315'}"
312,True,"{'id': '75', 'title': 'Leicester', 'short_title': 'LEI'}","{'id': '87', 'title': 'Liverpool', 'short_title': 'LIV'}","{'h': '2', 'a': '0'}","{'h': '1.34566', 'a': '0.580791'}",2016-02-02 23:45:00,"{'w': '0.6', 'd': '0.271', 'l': '0.129'}"
313,True,"{'id': '79', 'title': 'Norwich', 'short_title': 'NOR'}","{'id': '82', 'title': 'Tottenham', 'short_title': 'TOT'}","{'h': '0', 'a': '3'}","{'h': '0.929319', 'a': '2.75469'}",2016-02-02 23:45:00,"{'w': '0.0469', 'd': '0.1271', 'l': '0.826'}"
314,True,"{'id': '77', 'title': 'Sunderland', 'short_title': 'SUN'}","{'id': '88', 'title': 'Manchester City', 'short_title': 'MCI'}","{'h': '0', 'a': '1'}","{'h': '0.888437', 'a': '0.638461'}",2016-02-02 23:45:00,"{'w': '0.3784', 'd': '0.3829', 'l': '0.2387'}"
315,True,"{'id': '81', 'title': 'West Ham', 'short_title': 'WHU'}","{'id': '71', 'title': 'Aston Villa', 'short_title': 'AVL'}","{'h': '2', 'a': '0'}","{'h': '2.34619', 'a': '0.107888'}",2016-02-02 23:45:00,"{'w': '0.9456', 'd': '0.0506', 'l': '0.0038'}"
316,True,"{'id': '78', 'title': 'Crystal Palace', 'short_title': 'CRY'}","{'id': '73', 'title': 'Bournemouth', 'short_title': 'BOU'}","{'h': '1', 'a': '2'}","{'h': '1.62395', 'a': '1.17427'}",2016-02-03 00:00:00,"{'w': '0.484', 'd': '0.2782', 'l': '0.2378'}"
317,True,"{'id': '89', 'title': 'Manchester United', 'short_title': 'MUN'}","{'id': '85', 'title': 'Stoke', 'short_title': 'STO'}","{'h': '3', 'a': '0'}","{'h': '2.45272', 'a': '0.350909'}",2016-02-03 00:00:00,"{'w': '0.8985', 'd': '0.0829', 'l': '0.0186'}"
318,True,"{'id': '76', 'title': 'West Bromwich Albion', 'short_title': 'WBA'}","{'id': '84', 'title': 'Swansea', 'short_title': 'SWA'}","{'h': '1', 'a': '1'}","{'h': '2.30645', 'a': '1.17928'}",2016-02-03 00:00:00,"{'w': '0.667', 'd': '0.1986', 'l': '0.1344'}"
319,True,"{'id': '72', 'title': 'Everton', 'short_title': 'EVE'}","{'id': '86', 'title': 'Newcastle United', 'short_title': 'NEW'}","{'h': '3', 'a': '0'}","{'h': '2.48447', 'a': '0.626239'}",2016-02-03 23:45:00,"{'w': '0.8645', 'd': '0.1082', 'l': '0.0273'}"
320,True,"{'id': '90', 'title': 'Watford', 'short_title': 'WAT'}","{'id': '80', 'title': 'Chelsea', 'short_title': 'CHE'}","{'h': '0', 'a': '0'}","{'h': '0.531415', 'a': '1.13694'}",2016-02-03 23:45:00,"{'w': '0.1544', 'd': '0.313', 'l': '0.5326'}"
321,True,"{'id': '88', 'title': 'Manchester City', 'short_title': 'MCI'}","{'id': '75', 'title': 'Leicester', 'short_title': 'LEI'}","{'h': '1', 'a': '3'}","{'h': '1.70719', 'a': '2.50168'}",2016-02-06 16:45:00,"{'w': '0.2193', 'd': '0.2132', 'l': '0.5675'}"
322,True,"{'id': '86', 'title': 'Newcastle United', 'short_title': 'NEW'}","{'id': '76', 'title': 'West Bromwich Albion', 'short_title': 'WBA'}","{'h': '1', 'a': '0'}","{'h': '2.41057', 'a': '0.472556'}",2016-02-06 19:00:00,"{'w': '0.8488', 'd': '0.1166', 'l': '0.0346'}"
323,True,"{'id': '85', 'title': 'Stoke', 'short_title': 'STO'}","{'id': '72', 'title': 'Everton', 'short_title': 'EVE'}","{'h': '0', 'a': '3'}","{'h': '0.693548', 'a': '3.05913'}",2016-02-06 19:00:00,"{'w': '0.0284', 'd': '0.0805', 'l': '0.8911'}"
324,True,"{'id': '82', 'title': 'Tottenham', 'short_title': 'TOT'}","{'id': '90', 'title': 'Watford', 'short_title': 'WAT'}","{'h': '1', 'a': '0'}","{'h': '2.00475', 'a': '0.149839'}",2016-02-06 19:00:00,"{'w': '0.8571', 'd': '0.1263', 'l': '0.0166'}"
325,True,"{'id': '84', 'title': 'Swansea', 'short_title': 'SWA'}","{'id': '78', 'title': 'Crystal Palace', 'short_title': 'CRY'}","{'h': '1', 'a': '1'}","{'h': '1.32136', 'a': '1.01465'}",2016-02-06 19:00:00,"{'w': '0.4121', 'd': '0.3042', 'l': '0.2837'}"
326,True,"{'id': '71', 'title': 'Aston Villa', 'short_title': 'AVL'}","{'id': '79', 'title': 'Norwich', 'short_title': 'NOR'}","{'h': '2', 'a': '0'}","{'h': '0.918291', 'a': '1.1413'}",2016-02-06 19:00:00,"{'w': '0.2751', 'd': '0.3144', 'l': '0.4105'}"
327,True,"{'id': '87', 'title': 'Liverpool', 'short_title': 'LIV'}","{'id': '77', 'title': 'Sunderland', 'short_title': 'SUN'}","{'h': '2', 'a': '2'}","{'h': '1.57712', 'a': '0.491843'}",2016-02-06 19:00:00,"{'w': '0.6829', 'd': '0.2273', 'l': '0.0898'}"
328,True,"{'id': '74', 'title': 'Southampton', 'short_title': 'SOU'}","{'id': '81', 'title': 'West Ham', 'short_title': 'WHU'}","{'h': '1', 'a': '0'}","{'h': '1.06493', 'a': '0.970583'}",2016-02-06 21:30:00,"{'w': '0.3839', 'd': '0.3199', 'l': '0.2962'}"
329,True,"{'id': '73', 'title': 'Bournemouth', 'short_title': 'BOU'}","{'id': '83', 'title': 'Arsenal', 'short_title': 'ARS'}","{'h': '0', 'a': '2'}","{'h': '0.584316', 'a': '1.13957'}",2016-02-07 17:30:00,"{'w': '0.171', 'd': '0.3165', 'l': '0.5125'}"
330,True,"{'id': '80', 'title': 'Chelsea', 'short_title': 'CHE'}","{'id': '89', 'title': 'Manchester United', 'short_title': 'MUN'}","{'h': '1', 'a': '1'}","{'h': '1.61554', 'a': '0.780475'}",2016-02-07 20:00:00,"{'w': '0.603', 'd': '0.2449', 'l': '0.1521'}"
331,True,"{'id': '77', 'title': 'Sunderland', 'short_title': 'SUN'}","{'id': '89', 'title': 'Manchester United', 'short_title': 'MUN'}","{'h': '2', 'a': '1'}","{'h': '1.48186', 'a': '0.908296'}",2016-02-13 16:45:00,"{'w': '0.5111', 'd': '0.2694', 'l': '0.2195'}"
332,True,"{'id': '84', 'title': 'Swansea', 'short_title': 'SWA'}","{'id': '74', 'title': 'Southampton', 'short_title': 'SOU'}","{'h': '0', 'a': '1'}","{'h': '0.699012', 'a': '1.19353'}",2016-02-13 19:00:00,"{'w': '0.2038', 'd': '0.3107', 'l': '0.4855'}"
333,True,"{'id': '79', 'title': 'Norwich', 'short_title': 'NOR'}","{'id': '81', 'title': 'West Ham', 'short_title': 'WHU'}","{'h': '2', 'a': '2'}","{'h': '1.03362', 'a': '0.741428'}",2016-02-13 19:00:00,"{'w': '0.4293', 'd': '0.3326', 'l': '0.2381'}"
334,True,"{'id': '72', 'title': 'Everton', 'short_title': 'EVE'}","{'id': '76', 'title': 'West Bromwich Albion', 'short_title': 'WBA'}","{'h': '0', 'a': '1'}","{'h': '1.82912', 'a': '1.1974'}",2016-02-13 19:00:00,"{'w': '0.5109', 'd': '0.2919', 'l': '0.1972'}"
335,True,"{'id': '78', 'title': 'Crystal Palace', 'short_title': 'CRY'}","{'id': '90', 'title': 'Watford', 'short_title': 'WAT'}","{'h': '1', 'a': '2'}","{'h': '0.983946', 'a': '1.99728'}",2016-02-13 19:00:00,"{'w': '0.1024', 'd': '0.2248', 'l': '0.6728'}"
336,True,"{'id': '73', 'title': 'Bournemouth', 'short_title': 'BOU'}","{'id': '85', 'title': 'Stoke', 'short_title': 'STO'}","{'h': '1', 'a': '3'}","{'h': '1.19427', 'a': '0.927348'}",2016-02-13 19:00:00,"{'w': '0.4243', 'd': '0.3188', 'l': '0.2569'}"
337,True,"{'id': '80', 'title': 'Chelsea', 'short_title': 'CHE'}","{'id': '86', 'title': 'Newcastle United', 'short_title': 'NEW'}","{'h': '5', 'a': '1'}","{'h': '2.0858', 'a': '0.430664'}",2016-02-13 21:30:00,"{'w': '0.8205', 'd': '0.1398', 'l': '0.0397'}"
338,True,"{'id': '83', 'title': 'Arsenal', 'short_title': 'ARS'}","{'id': '75', 'title': 'Leicester', 'short_title': 'LEI'}","{'h': '2', 'a': '1'}","{'h': '2.36319', 'a': '1.31246'}",2016-02-14 16:00:00,"{'w': '0.6167', 'd': '0.226', 'l': '0.1573'}"
339,True,"{'id': '71', 'title': 'Aston Villa', 'short_title': 'AVL'}","{'id': '87', 'title': 'Liverpool', 'short_title': 'LIV'}","{'h': '0', 'a': '6'}","{'h': '0.174868', 'a': '2.00756'}",2016-02-14 18:05:00,"{'w': '0.0134', 'd': '0.1023', 'l': '0.8843'}"
340,True,"{'id': '88', 'title': 'Manchester City', 'short_title': 'MCI'}","{'id': '82', 'title': 'Tottenham', 'short_title': 'TOT'}","{'h': '1', 'a': '2'}","{'h': '1.97876', 'a': '1.23517'}",2016-02-14 20:15:00,"{'w': '0.5529', 'd': '0.2744', 'l': '0.1727'}"
341,True,"{'id': '81', 'title': 'West Ham', 'short_title': 'WHU'}","{'id': '77', 'title': 'Sunderland', 'short_title': 'SUN'}","{'h': '1', 'a': '0'}","{'h': '0.52387', 'a': '1.07887'}",2016-02-27 16:45:00,"{'w': '0.1598', 'd': '0.3332', 'l': '0.507'}"
342,True,"{'id': '90', 'title': 'Watford', 'short_title': 'WAT'}","{'id': '73', 'title': 'Bournemouth', 'short_title': 'BOU'}","{'h': '0', 'a': '0'}","{'h': '1.00481', 'a': '0.955252'}",2016-02-27 19:00:00,"{'w': '0.3398', 'd': '0.3331', 'l': '0.3271'}"
343,True,"{'id': '75', 'title': 'Leicester', 'short_title': 'LEI'}","{'id': '79', 'title': 'Norwich', 'short_title': 'NOR'}","{'h': '1', 'a': '0'}","{'h': '1.7645', 'a': '0.814784'}",2016-02-27 19:00:00,"{'w': '0.6639', 'd': '0.2299', 'l': '0.1062'}"
344,True,"{'id': '74', 'title': 'Southampton', 'short_title': 'SOU'}","{'id': '80', 'title': 'Chelsea', 'short_title': 'CHE'}","{'h': '1', 'a': '2'}","{'h': '1.01074', 'a': '0.631036'}",2016-02-27 19:00:00,"{'w': '0.4643', 'd': '0.3336', 'l': '0.2021'}"
345,True,"{'id': '85', 'title': 'Stoke', 'short_title': 'STO'}","{'id': '71', 'title': 'Aston Villa', 'short_title': 'AVL'}","{'h': '2', 'a': '1'}","{'h': '2.04047', 'a': '0.414343'}",2016-02-27 19:00:00,"{'w': '0.8681', 'd': '0.1145', 'l': '0.0174'}"
346,True,"{'id': '76', 'title': 'West Bromwich Albion', 'short_title': 'WBA'}","{'id': '78', 'title': 'Crystal Palace', 'short_title': 'CRY'}","{'h': '3', 'a': '2'}","{'h': '2.07488', 'a': '1.21638'}",2016-02-27 21:30:00,"{'w': '0.6115', 'd': '0.2385', 'l': '0.15'}"
347,True,"{'id': '82', 'title': 'Tottenham', 'short_title': 'TOT'}","{'id': '84', 'title': 'Swansea', 'short_title': 'SWA'}","{'h': '2', 'a': '1'}","{'h': '3.57325', 'a': '1.24938'}",2016-02-28 18:05:00,"{'w': '0.8519', 'd': '0.0974', 'l': '0.0507'}"
348,True,"{'id': '89', 'title': 'Manchester United', 'short_title': 'MUN'}","{'id': '83', 'title': 'Arsenal', 'short_title': 'ARS'}","{'h': '3', 'a': '2'}","{'h': '1.09522', 'a': '1.5435'}",2016-02-28 18:05:00,"{'w': '0.2349', 'd': '0.2833', 'l': '0.4818'}"
349,True,"{'id': '71', 'title': 'Aston Villa', 'short_title': 'AVL'}","{'id': '72', 'title': 'Everton', 'short_title': 'EVE'}","{'h': '1', 'a': '3'}","{'h': '0.60177', 'a': '2.63668'}",2016-03-01 23:45:00,"{'w': '0.0406', 'd': '0.1041', 'l': '0.8553'}"
350,True,"{'id': '73', 'title': 'Bournemouth', 'short_title': 'BOU'}","{'id': '74', 'title': 'Southampton', 'short_title': 'SOU'}","{'h': '2', 'a': '0'}","{'h': '1.41228', 'a': '0.954161'}",2016-03-01 23:45:00,"{'w': '0.4826', 'd': '0.3075', 'l': '0.2099'}"
351,True,"{'id': '75', 'title': 'Leicester', 'short_title': 'LEI'}","{'id': '76', 'title': 'West Bromwich Albion', 'short_title': 'WBA'}","{'h': '2', 'a': '2'}","{'h': '3.04626', 'a': '1.29485'}",2016-03-01 23:45:00,"{'w': '0.7895', 'd': '0.1435', 'l': '0.067'}"
352,True,"{'id': '77', 'title': 'Sunderland', 'short_title': 'SUN'}","{'id': '78', 'title': 'Crystal Palace', 'short_title': 'CRY'}","{'h': '2', 'a': '2'}","{'h': '0.93375', 'a': '0.887448'}",2016-03-01 23:45:00,"{'w': '0.3515', 'd': '0.3282', 'l': '0.3203'}"
353,True,"{'id': '79', 'title': 'Norwich', 'short_title': 'NOR'}","{'id': '80', 'title': 'Chelsea', 'short_title': 'CHE'}","{'h': '1', 'a': '2'}","{'h': '1.24159', 'a': '0.980988'}",2016-03-01 23:45:00,"{'w': '0.4305', 'd': '0.3041', 'l': '0.2654'}"
354,True,"{'id': '81', 'title': 'West Ham', 'short_title': 'WHU'}","{'id': '82', 'title': 'Tottenham', 'short_title': 'TOT'}","{'h': '1', 'a': '0'}","{'h': '0.784319', 'a': '1.22673'}",2016-03-02 23:45:00,"{'w': '0.199', 'd': '0.2961', 'l': '0.5049'}"
355,True,"{'id': '83', 'title': 'Arsenal', 'short_title': 'ARS'}","{'id': '84', 'title': 'Swansea', 'short_title': 'SWA'}","{'h': '1', 'a': '2'}","{'h': '1.4928', 'a': '1.69788'}",2016-03-02 23:45:00,"{'w': '0.2983', 'd': '0.2716', 'l': '0.4301'}"
356,True,"{'id': '85', 'title': 'Stoke', 'short_title': 'STO'}","{'id': '86', 'title': 'Newcastle United', 'short_title': 'NEW'}","{'h': '1', 'a': '0'}","{'h': '0.298318', 'a': '0.270782'}",2016-03-02 23:45:00,"{'w': '0.2002', 'd': '0.614', 'l': '0.1858'}"
357,True,"{'id': '87', 'title': 'Liverpool', 'short_title': 'LIV'}","{'id': '88', 'title': 'Manchester City', 'short_title': 'MCI'}","{'h': '3', 'a': '0'}","{'h': '1.16781', 'a': '0.180318'}",2016-03-03 00:00:00,"{'w': '0.6854', 'd': '0.2704', 'l': '0.0442'}"
358,True,"{'id': '89', 'title': 'Manchester United', 'short_title': 'MUN'}","{'id': '90', 'title': 'Watford', 'short_title': 'WAT'}","{'h': '1', 'a': '0'}","{'h': '0.786278', 'a': '2.16484'}",2016-03-03 00:00:00,"{'w': '0.0969', 'd': '0.1716', 'l': '0.7315'}"
359,True,"{'id': '82', 'title': 'Tottenham', 'short_title': 'TOT'}","{'id': '83', 'title': 'Arsenal', 'short_title': 'ARS'}","{'h': '2', 'a': '2'}","{'h': '1.88378', 'a': '0.543157'}",2016-03-05 16:45:00,"{'w': '0.7353', 'd': '0.1861', 'l': '0.0786'}"
360,True,"{'id': '74', 'title': 'Southampton', 'short_title': 'SOU'}","{'id': '77', 'title': 'Sunderland', 'short_title': 'SUN'}","{'h': '1', 'a': '1'}","{'h': '1.54587', 'a': '1.31562'}",2016-03-05 19:00:00,"{'w': '0.4147', 'd': '0.2789', 'l': '0.3064'}"
361,True,"{'id': '84', 'title': 'Swansea', 'short_title': 'SWA'}","{'id': '79', 'title': 'Norwich', 'short_title': 'NOR'}","{'h': '1', 'a': '0'}","{'h': '0.545937', 'a': '0.580126'}",2016-03-05 19:00:00,"{'w': '0.2762', 'd': '0.4246', 'l': '0.2992'}"
362,True,"{'id': '80', 'title': 'Chelsea', 'short_title': 'CHE'}","{'id': '85', 'title': 'Stoke', 'short_title': 'STO'}","{'h': '1', 'a': '1'}","{'h': '1.0615', 'a': '1.60285'}",2016-03-05 19:00:00,"{'w': '0.2301', 'd': '0.2578', 'l': '0.5121'}"
363,True,"{'id': '72', 'title': 'Everton', 'short_title': 'EVE'}","{'id': '81', 'title': 'West Ham', 'short_title': 'WHU'}","{'h': '2', 'a': '3'}","{'h': '2.09025', 'a': '2.72091'}",2016-03-05 19:00:00,"{'w': '0.2512', 'd': '0.2213', 'l': '0.5275'}"
364,True,"{'id': '88', 'title': 'Manchester City', 'short_title': 'MCI'}","{'id': '71', 'title': 'Aston Villa', 'short_title': 'AVL'}","{'h': '4', 'a': '0'}","{'h': '2.83271', 'a': '0.121136'}",2016-03-05 19:00:00,"{'w': '0.9594', 'd': '0.0378', 'l': '0.0028'}"
365,True,"{'id': '86', 'title': 'Newcastle United', 'short_title': 'NEW'}","{'id': '73', 'title': 'Bournemouth', 'short_title': 'BOU'}","{'h': '1', 'a': '3'}","{'h': '0.833931', 'a': '1.26853'}",2016-03-05 19:00:00,"{'w': '0.2406', 'd': '0.2977', 'l': '0.4617'}"
366,True,"{'id': '90', 'title': 'Watford', 'short_title': 'WAT'}","{'id': '75', 'title': 'Leicester', 'short_title': 'LEI'}","{'h': '0', 'a': '1'}","{'h': '0.829318', 'a': '1.47042'}",2016-03-05 21:30:00,"{'w': '0.1857', 'd': '0.2834', 'l': '0.5309'}"
367,True,"{'id': '78', 'title': 'Crystal Palace', 'short_title': 'CRY'}","{'id': '87', 'title': 'Liverpool', 'short_title': 'LIV'}","{'h': '1', 'a': '2'}","{'h': '1.43901', 'a': '2.27087'}",2016-03-06 17:30:00,"{'w': '0.1751', 'd': '0.2328', 'l': '0.5921'}"
368,True,"{'id': '76', 'title': 'West Bromwich Albion', 'short_title': 'WBA'}","{'id': '89', 'title': 'Manchester United', 'short_title': 'MUN'}","{'h': '1', 'a': '0'}","{'h': '0.565787', 'a': '0.417622'}",2016-03-06 20:00:00,"{'w': '0.3171', 'd': '0.4628', 'l': '0.2201'}"
369,True,"{'id': '79', 'title': 'Norwich', 'short_title': 'NOR'}","{'id': '88', 'title': 'Manchester City', 'short_title': 'MCI'}","{'h': '0', 'a': '0'}","{'h': '0.139743', 'a': '0.557373'}",2016-03-12 16:45:00,"{'w': '0.0732', 'd': '0.5371', 'l': '0.3897'}"
370,True,"{'id': '85', 'title': 'Stoke', 'short_title': 'STO'}","{'id': '74', 'title': 'Southampton', 'short_title': 'SOU'}","{'h': '1', 'a': '2'}","{'h': '1.06676', 'a': '0.874966'}",2016-03-12 19:00:00,"{'w': '0.4052', 'd': '0.3218', 'l': '0.273'}"
371,True,"{'id': '73', 'title': 'Bournemouth', 'short_title': 'BOU'}","{'id': '84', 'title': 'Swansea', 'short_title': 'SWA'}","{'h': '3', 'a': '2'}","{'h': '0.70756', 'a': '1.09562'}",2016-03-12 19:00:00,"{'w': '0.2141', 'd': '0.3125', 'l': '0.4734'}"
372,True,"{'id': '71', 'title': 'Aston Villa', 'short_title': 'AVL'}","{'id': '82', 'title': 'Tottenham', 'short_title': 'TOT'}","{'h': '0', 'a': '2'}","{'h': '1.84022', 'a': '2.00141'}",2016-03-13 20:00:00,"{'w': '0.3505', 'd': '0.2544', 'l': '0.3951'}"
373,True,"{'id': '75', 'title': 'Leicester', 'short_title': 'LEI'}","{'id': '86', 'title': 'Newcastle United', 'short_title': 'NEW'}","{'h': '1', 'a': '0'}","{'h': '0.846771', 'a': '0.518715'}",2016-03-14 00:00:00,"{'w': '0.4128', 'd': '0.3765', 'l': '0.2107'}"
374,True,"{'id': '72', 'title': 'Everton', 'short_title': 'EVE'}","{'id': '83', 'title': 'Arsenal', 'short_title': 'ARS'}","{'h': '0', 'a': '2'}","{'h': '0.58617', 'a': '1.92384'}",2016-03-19 16:45:00,"{'w': '0.0621', 'd': '0.1765', 'l': '0.7614'}"
375,True,"{'id': '78', 'title': 'Crystal Palace', 'short_title': 'CRY'}","{'id': '75', 'title': 'Leicester', 'short_title': 'LEI'}","{'h': '0', 'a': '1'}","{'h': '0.784339', 'a': '1.20315'}",2016-03-19 19:00:00,"{'w': '0.2303', 'd': '0.3048', 'l': '0.4649'}"
376,True,"{'id': '80', 'title': 'Chelsea', 'short_title': 'CHE'}","{'id': '81', 'title': 'West Ham', 'short_title': 'WHU'}","{'h': '2', 'a': '2'}","{'h': '2.1406', 'a': '0.862828'}",2016-03-19 19:00:00,"{'w': '0.7106', 'd': '0.188', 'l': '0.1014'}"
377,True,"{'id': '90', 'title': 'Watford', 'short_title': 'WAT'}","{'id': '85', 'title': 'Stoke', 'short_title': 'STO'}","{'h': '1', 'a': '2'}","{'h': '0.879462', 'a': '1.58145'}",2016-03-19 19:00:00,"{'w': '0.1641', 'd': '0.2743', 'l': '0.5616'}"
378,True,"{'id': '76', 'title': 'West Bromwich Albion', 'short_title': 'WBA'}","{'id': '79', 'title': 'Norwich', 'short_title': 'NOR'}","{'h': '0', 'a': '1'}","{'h': '0.332789', 'a': '0.799255'}",2016-03-19 19:00:00,"{'w': '0.1296', 'd': '0.3914', 'l': '0.479'}"
379,True,"{'id': '84', 'title': 'Swansea', 'short_title': 'SWA'}","{'id': '71', 'title': 'Aston Villa', 'short_title': 'AVL'}","{'h': '1', 'a': '0'}","{'h': '0.490469', 'a': '0.730828'}",2016-03-19 21:30:00,"{'w': '0.2134', 'd': '0.4131', 'l': '0.3735'}"
380,True,"{'id': '74', 'title': 'Southampton', 'short_title': 'SOU'}","{'id': '87', 'title': 'Liverpool', 'short_title': 'LIV'}","{'h': '3', 'a': '2'}","{'h': '1.56873', 'a': '1.29046'}",2016-03-20 17:30:00,"{'w': '0.4416', 'd': '0.28', 'l': '0.2784'}"
381,True,"{'id': '86', 'title': 'Newcastle United', 'short_title': 'NEW'}","{'id': '77', 'title': 'Sunderland', 'short_title': 'SUN'}","{'h': '1', 'a': '1'}","{'h': '0.940593', 'a': '0.785017'}",2016-03-20 17:30:00,"{'w': '0.3775', 'd': '0.34', 'l': '0.2825'}"
382,True,"{'id': '88', 'title': 'Manchester City', 'short_title': 'MCI'}","{'id': '89', 'title': 'Manchester United', 'short_title': 'MUN'}","{'h': '0', 'a': '1'}","{'h': '1.86249', 'a': '0.900312'}",2016-03-20 20:00:00,"{'w': '0.6074', 'd': '0.2416', 'l': '0.151'}"
383,True,"{'id': '82', 'title': 'Tottenham', 'short_title': 'TOT'}","{'id': '73', 'title': 'Bournemouth', 'short_title': 'BOU'}","{'h': '3', 'a': '0'}","{'h': '2.02694', 'a': '0.120366'}",2016-03-20 20:00:00,"{'w': '0.894', 'd': '0.0965', 'l': '0.0095'}"
384,True,"{'id': '71', 'title': 'Aston Villa', 'short_title': 'AVL'}","{'id': '80', 'title': 'Chelsea', 'short_title': 'CHE'}","{'h': '0', 'a': '4'}","{'h': '0.72512', 'a': '2.49358'}",2016-04-02 15:45:00,"{'w': '0.0442', 'd': '0.1162', 'l': '0.8396'}"
385,True,"{'id': '83', 'title': 'Arsenal', 'short_title': 'ARS'}","{'id': '90', 'title': 'Watford', 'short_title': 'WAT'}","{'h': '4', 'a': '0'}","{'h': '3.00742', 'a': '0.290619'}",2016-04-02 18:00:00,"{'w': '0.9558', 'd': '0.0384', 'l': '0.0058'}"
386,True,"{'id': '73', 'title': 'Bournemouth', 'short_title': 'BOU'}","{'id': '88', 'title': 'Manchester City', 'short_title': 'MCI'}","{'h': '0', 'a': '4'}","{'h': '1.3239', 'a': '0.868303'}",2016-04-02 18:00:00,"{'w': '0.4982', 'd': '0.2815', 'l': '0.2203'}"
387,True,"{'id': '79', 'title': 'Norwich', 'short_title': 'NOR'}","{'id': '86', 'title': 'Newcastle United', 'short_title': 'NEW'}","{'h': '3', 'a': '2'}","{'h': '1.65216', 'a': '1.46835'}",2016-04-02 18:00:00,"{'w': '0.4074', 'd': '0.2903', 'l': '0.3023'}"
388,True,"{'id': '85', 'title': 'Stoke', 'short_title': 'STO'}","{'id': '84', 'title': 'Swansea', 'short_title': 'SWA'}","{'h': '2', 'a': '2'}","{'h': '1.17598', 'a': '0.4319'}",2016-04-02 18:00:00,"{'w': '0.6017', 'd': '0.289', 'l': '0.1093'}"
389,True,"{'id': '77', 'title': 'Sunderland', 'short_title': 'SUN'}","{'id': '76', 'title': 'West Bromwich Albion', 'short_title': 'WBA'}","{'h': '0', 'a': '0'}","{'h': '1.54544', 'a': '0.0635563'}",2016-04-02 18:00:00,"{'w': '0.7948', 'd': '0.1948', 'l': '0.0104'}"
390,True,"{'id': '81', 'title': 'West Ham', 'short_title': 'WHU'}","{'id': '78', 'title': 'Crystal Palace', 'short_title': 'CRY'}","{'h': '2', 'a': '2'}","{'h': '1.71369', 'a': '1.65593'}",2016-04-02 18:00:00,"{'w': '0.372', 'd': '0.2703', 'l': '0.3577'}"
391,True,"{'id': '87', 'title': 'Liverpool', 'short_title': 'LIV'}","{'id': '82', 'title': 'Tottenham', 'short_title': 'TOT'}","{'h': '1', 'a': '1'}","{'h': '1.37954', 'a': '1.23579'}",2016-04-02 20:30:00,"{'w': '0.3938', 'd': '0.2732', 'l': '0.333'}"
392,True,"{'id': '75', 'title': 'Leicester', 'short_title': 'LEI'}","{'id': '74', 'title': 'Southampton', 'short_title': 'SOU'}","{'h': '1', 'a': '0'}","{'h': '1.38701', 'a': '0.670068'}",2016-04-03 16:30:00,"{'w': '0.5671', 'd': '0.2844', 'l': '0.1485'}"
393,True,"{'id': '89', 'title': 'Manchester United', 'short_title': 'MUN'}","{'id': '72', 'title': 'Everton', 'short_title': 'EVE'}","{'h': '1', 'a': '0'}","{'h': '0.998692', 'a': '0.755625'}",2016-04-03 19:00:00,"{'w': '0.4179', 'd': '0.3492', 'l': '0.2329'}"
394,True,"{'id': '81', 'title': 'West Ham', 'short_title': 'WHU'}","{'id': '83', 'title': 'Arsenal', 'short_title': 'ARS'}","{'h': '3', 'a': '3'}","{'h': '1.10973', 'a': '1.46966'}",2016-04-09 15:45:00,"{'w': '0.2672', 'd': '0.2662', 'l': '0.4666'}"
395,True,"{'id': '90', 'title': 'Watford', 'short_title': 'WAT'}","{'id': '72', 'title': 'Everton', 'short_title': 'EVE'}","{'h': '1', 'a': '1'}","{'h': '0.408379', 'a': '1.59979'}",2016-04-09 18:00:00,"{'w': '0.0705', 'd': '0.2082', 'l': '0.7213'}"
396,True,"{'id': '74', 'title': 'Southampton', 'short_title': 'SOU'}","{'id': '86', 'title': 'Newcastle United', 'short_title': 'NEW'}","{'h': '3', 'a': '1'}","{'h': '1.78477', 'a': '0.165982'}",2016-04-09 18:00:00,"{'w': '0.8328', 'd': '0.1432', 'l': '0.024'}"
397,True,"{'id': '84', 'title': 'Swansea', 'short_title': 'SWA'}","{'id': '80', 'title': 'Chelsea', 'short_title': 'CHE'}","{'h': '1', 'a': '0'}","{'h': '1.9071', 'a': '1.3003'}",2016-04-09 18:00:00,"{'w': '0.5249', 'd': '0.2659', 'l': '0.2092'}"
398,True,"{'id': '71', 'title': 'Aston Villa', 'short_title': 'AVL'}","{'id': '73', 'title': 'Bournemouth', 'short_title': 'BOU'}","{'h': '1', 'a': '2'}","{'h': '0.220872', 'a': '1.0038'}",2016-04-09 18:00:00,"{'w': '0.0717', 'd': '0.3483', 'l': '0.58'}"
399,True,"{'id': '78', 'title': 'Crystal Palace', 'short_title': 'CRY'}","{'id': '79', 'title': 'Norwich', 'short_title': 'NOR'}","{'h': '1', 'a': '0'}","{'h': '1.45029', 'a': '0.675663'}",2016-04-09 18:00:00,"{'w': '0.592', 'd': '0.2654', 'l': '0.1426'}"
400,True,"{'id': '88', 'title': 'Manchester City', 'short_title': 'MCI'}","{'id': '76', 'title': 'West Bromwich Albion', 'short_title': 'WBA'}","{'h': '2', 'a': '1'}","{'h': '2.07325', 'a': '1.09413'}",2016-04-09 20:30:00,"{'w': '0.6542', 'd': '0.2287', 'l': '0.1171'}"
401,True,"{'id': '77', 'title': 'Sunderland', 'short_title': 'SUN'}","{'id': '75', 'title': 'Leicester', 'short_title': 'LEI'}","{'h': '0', 'a': '2'}","{'h': '0.872232', 'a': '2.60072'}",2016-04-10 16:30:00,"{'w': '0.0576', 'd': '0.1406', 'l': '0.8018'}"
402,True,"{'id': '82', 'title': 'Tottenham', 'short_title': 'TOT'}","{'id': '89', 'title': 'Manchester United', 'short_title': 'MUN'}","{'h': '3', 'a': '0'}","{'h': '1.79647', 'a': '0.341238'}",2016-04-10 19:00:00,"{'w': '0.7806', 'd': '0.1721', 'l': '0.0473'}"
403,True,"{'id': '87', 'title': 'Liverpool', 'short_title': 'LIV'}","{'id': '85', 'title': 'Stoke', 'short_title': 'STO'}","{'h': '4', 'a': '1'}","{'h': '2.21484', 'a': '0.85508'}",2016-04-10 19:00:00,"{'w': '0.7428', 'd': '0.1704', 'l': '0.0868'}"
404,True,"{'id': '78', 'title': 'Crystal Palace', 'short_title': 'CRY'}","{'id': '72', 'title': 'Everton', 'short_title': 'EVE'}","{'h': '0', 'a': '0'}","{'h': '1.59025', 'a': '0.759269'}",2016-04-13 23:00:00,"{'w': '0.5854', 'd': '0.2516', 'l': '0.163'}"
405,True,"{'id': '79', 'title': 'Norwich', 'short_title': 'NOR'}","{'id': '77', 'title': 'Sunderland', 'short_title': 'SUN'}","{'h': '0', 'a': '3'}","{'h': '1.09006', 'a': '1.99748'}",2016-04-16 15:45:00,"{'w': '0.1464', 'd': '0.228', 'l': '0.6256'}"
406,True,"{'id': '89', 'title': 'Manchester United', 'short_title': 'MUN'}","{'id': '71', 'title': 'Aston Villa', 'short_title': 'AVL'}","{'h': '1', 'a': '0'}","{'h': '1.09127', 'a': '0.262427'}",2016-04-16 18:00:00,"{'w': '0.6032', 'd': '0.3146', 'l': '0.0822'}"
407,True,"{'id': '72', 'title': 'Everton', 'short_title': 'EVE'}","{'id': '74', 'title': 'Southampton', 'short_title': 'SOU'}","{'h': '1', 'a': '1'}","{'h': '0.318721', 'a': '1.38323'}",2016-04-16 18:00:00,"{'w': '0.0721', 'd': '0.2592', 'l': '0.6687'}"
408,True,"{'id': '86', 'title': 'Newcastle United', 'short_title': 'NEW'}","{'id': '84', 'title': 'Swansea', 'short_title': 'SWA'}","{'h': '3', 'a': '0'}","{'h': '1.5024', 'a': '0.787081'}",2016-04-16 18:00:00,"{'w': '0.5735', 'd': '0.2656', 'l': '0.1609'}"
409,True,"{'id': '76', 'title': 'West Bromwich Albion', 'short_title': 'WBA'}","{'id': '90', 'title': 'Watford', 'short_title': 'WAT'}","{'h': '0', 'a': '1'}","{'h': '2.2915', 'a': '0.364852'}",2016-04-16 18:00:00,"{'w': '0.8984', 'd': '0.0836', 'l': '0.018'}"
410,True,"{'id': '80', 'title': 'Chelsea', 'short_title': 'CHE'}","{'id': '88', 'title': 'Manchester City', 'short_title': 'MCI'}","{'h': '0', 'a': '3'}","{'h': '0.487715', 'a': '2.62768'}",2016-04-16 20:30:00,"{'w': '0.0231', 'd': '0.081', 'l': '0.8959'}"
411,True,"{'id': '75', 'title': 'Leicester', 'short_title': 'LEI'}","{'id': '81', 'title': 'West Ham', 'short_title': 'WHU'}","{'h': '2', 'a': '2'}","{'h': '1.95296', 'a': '1.56819'}",2016-04-17 16:30:00,"{'w': '0.4751', 'd': '0.2838', 'l': '0.2411'}"
412,True,"{'id': '73', 'title': 'Bournemouth', 'short_title': 'BOU'}","{'id': '87', 'title': 'Liverpool', 'short_title': 'LIV'}","{'h': '1', 'a': '2'}","{'h': '0.85914', 'a': '1.81443'}",2016-04-17 16:30:00,"{'w': '0.1384', 'd': '0.2284', 'l': '0.6332'}"
413,True,"{'id': '83', 'title': 'Arsenal', 'short_title': 'ARS'}","{'id': '78', 'title': 'Crystal Palace', 'short_title': 'CRY'}","{'h': '1', 'a': '1'}","{'h': '1.73461', 'a': '0.275806'}",2016-04-17 19:00:00,"{'w': '0.7641', 'd': '0.1886', 'l': '0.0473'}"
414,True,"{'id': '85', 'title': 'Stoke', 'short_title': 'STO'}","{'id': '82', 'title': 'Tottenham', 'short_title': 'TOT'}","{'h': '0', 'a': '4'}","{'h': '0.458376', 'a': '2.89775'}",2016-04-18 23:00:00,"{'w': '0.0203', 'd': '0.0793', 'l': '0.9004'}"
415,True,"{'id': '86', 'title': 'Newcastle United', 'short_title': 'NEW'}","{'id': '88', 'title': 'Manchester City', 'short_title': 'MCI'}","{'h': '1', 'a': '1'}","{'h': '0.455246', 'a': '0.522043'}",2016-04-19 22:45:00,"{'w': '0.2521', 'd': '0.4631', 'l': '0.2848'}"
416,True,"{'id': '81', 'title': 'West Ham', 'short_title': 'WHU'}","{'id': '90', 'title': 'Watford', 'short_title': 'WAT'}","{'h': '3', 'a': '1'}","{'h': '3.96294', 'a': '1.22333'}",2016-04-20 22:45:00,"{'w': '0.9281', 'd': '0.055', 'l': '0.0169'}"
417,True,"{'id': '89', 'title': 'Manchester United', 'short_title': 'MUN'}","{'id': '78', 'title': 'Crystal Palace', 'short_title': 'CRY'}","{'h': '2', 'a': '0'}","{'h': '1.46607', 'a': '0.137416'}",2016-04-20 23:00:00,"{'w': '0.8173', 'd': '0.1625', 'l': '0.0202'}"
418,True,"{'id': '87', 'title': 'Liverpool', 'short_title': 'LIV'}","{'id': '72', 'title': 'Everton', 'short_title': 'EVE'}","{'h': '4', 'a': '0'}","{'h': '3.24472', 'a': '0.0886329'}",2016-04-20 23:00:00,"{'w': '0.9664', 'd': '0.0314', 'l': '0.0022'}"
419,True,"{'id': '83', 'title': 'Arsenal', 'short_title': 'ARS'}","{'id': '76', 'title': 'West Bromwich Albion', 'short_title': 'WBA'}","{'h': '2', 'a': '0'}","{'h': '1.37348', 'a': '0.839742'}",2016-04-21 22:45:00,"{'w': '0.4846', 'd': '0.305', 'l': '0.2104'}"
420,True,"{'id': '88', 'title': 'Manchester City', 'short_title': 'MCI'}","{'id': '85', 'title': 'Stoke', 'short_title': 'STO'}","{'h': '4', 'a': '0'}","{'h': '2.22482', 'a': '1.09174'}",2016-04-23 15:45:00,"{'w': '0.6826', 'd': '0.1953', 'l': '0.1221'}"
421,True,"{'id': '71', 'title': 'Aston Villa', 'short_title': 'AVL'}","{'id': '74', 'title': 'Southampton', 'short_title': 'SOU'}","{'h': '2', 'a': '4'}","{'h': '1.47192', 'a': '3.6648'}",2016-04-23 18:00:00,"{'w': '0.0697', 'd': '0.1061', 'l': '0.8242'}"
422,True,"{'id': '73', 'title': 'Bournemouth', 'short_title': 'BOU'}","{'id': '80', 'title': 'Chelsea', 'short_title': 'CHE'}","{'h': '1', 'a': '4'}","{'h': '0.575087', 'a': '2.07192'}",2016-04-23 18:00:00,"{'w': '0.0702', 'd': '0.1646', 'l': '0.7652'}"
423,True,"{'id': '87', 'title': 'Liverpool', 'short_title': 'LIV'}","{'id': '86', 'title': 'Newcastle United', 'short_title': 'NEW'}","{'h': '2', 'a': '2'}","{'h': '0.712881', 'a': '0.253033'}",2016-04-23 18:00:00,"{'w': '0.4419', 'd': '0.4427', 'l': '0.1154'}"
424,True,"{'id': '77', 'title': 'Sunderland', 'short_title': 'SUN'}","{'id': '83', 'title': 'Arsenal', 'short_title': 'ARS'}","{'h': '0', 'a': '0'}","{'h': '0.617149', 'a': '0.97303'}",2016-04-24 17:05:00,"{'w': '0.2275', 'd': '0.345', 'l': '0.4275'}"
425,True,"{'id': '75', 'title': 'Leicester', 'short_title': 'LEI'}","{'id': '84', 'title': 'Swansea', 'short_title': 'SWA'}","{'h': '4', 'a': '0'}","{'h': '3.31579', 'a': '0.576457'}",2016-04-24 19:15:00,"{'w': '0.9598', 'd': '0.0341', 'l': '0.0061'}"
426,True,"{'id': '82', 'title': 'Tottenham', 'short_title': 'TOT'}","{'id': '76', 'title': 'West Bromwich Albion', 'short_title': 'WBA'}","{'h': '1', 'a': '1'}","{'h': '1.26346', 'a': '0.894413'}",2016-04-25 23:00:00,"{'w': '0.4449', 'd': '0.3018', 'l': '0.2533'}"
427,True,"{'id': '85', 'title': 'Stoke', 'short_title': 'STO'}","{'id': '77', 'title': 'Sunderland', 'short_title': 'SUN'}","{'h': '1', 'a': '1'}","{'h': '0.68487', 'a': '1.43105'}",2016-04-30 18:00:00,"{'w': '0.1341', 'd': '0.2734', 'l': '0.5925'}"
428,True,"{'id': '86', 'title': 'Newcastle United', 'short_title': 'NEW'}","{'id': '78', 'title': 'Crystal Palace', 'short_title': 'CRY'}","{'h': '1', 'a': '0'}","{'h': '0.53407', 'a': '1.05079'}",2016-04-30 18:00:00,"{'w': '0.1357', 'd': '0.3261', 'l': '0.5382'}"
429,True,"{'id': '72', 'title': 'Everton', 'short_title': 'EVE'}","{'id': '73', 'title': 'Bournemouth', 'short_title': 'BOU'}","{'h': '2', 'a': '1'}","{'h': '0.95281', 'a': '1.42599'}",2016-04-30 18:00:00,"{'w': '0.2267', 'd': '0.2866', 'l': '0.4867'}"
430,True,"{'id': '90', 'title': 'Watford', 'short_title': 'WAT'}","{'id': '71', 'title': 'Aston Villa', 'short_title': 'AVL'}","{'h': '3', 'a': '2'}","{'h': '1.36255', 'a': '0.491793'}",2016-04-30 18:00:00,"{'w': '0.5973', 'd': '0.2809', 'l': '0.1218'}"
431,True,"{'id': '76', 'title': 'West Bromwich Albion', 'short_title': 'WBA'}","{'id': '81', 'title': 'West Ham', 'short_title': 'WHU'}","{'h': '0', 'a': '3'}","{'h': '1.5346', 'a': '1.27183'}",2016-04-30 18:00:00,"{'w': '0.4153', 'd': '0.3091', 'l': '0.2756'}"
432,True,"{'id': '83', 'title': 'Arsenal', 'short_title': 'ARS'}","{'id': '79', 'title': 'Norwich', 'short_title': 'NOR'}","{'h': '1', 'a': '0'}","{'h': '0.781508', 'a': '0.578781'}",2016-04-30 20:30:00,"{'w': '0.3665', 'd': '0.392', 'l': '0.2415'}"
433,True,"{'id': '84', 'title': 'Swansea', 'short_title': 'SWA'}","{'id': '87', 'title': 'Liverpool', 'short_title': 'LIV'}","{'h': '3', 'a': '1'}","{'h': '2.31862', 'a': '0.776186'}",2016-05-01 15:00:00,"{'w': '0.7697', 'd': '0.1641', 'l': '0.0662'}"
434,True,"{'id': '89', 'title': 'Manchester United', 'short_title': 'MUN'}","{'id': '75', 'title': 'Leicester', 'short_title': 'LEI'}","{'h': '1', 'a': '1'}","{'h': '1.18462', 'a': '1.16622'}",2016-05-01 17:05:00,"{'w': '0.3522', 'd': '0.287', 'l': '0.3608'}"
435,True,"{'id': '74', 'title': 'Southampton', 'short_title': 'SOU'}","{'id': '88', 'title': 'Manchester City', 'short_title': 'MCI'}","{'h': '4', 'a': '2'}","{'h': '2.84362', 'a': '1.12719'}",2016-05-01 19:30:00,"{'w': '0.814', 'd': '0.1401', 'l': '0.0459'}"
436,True,"{'id': '80', 'title': 'Chelsea', 'short_title': 'CHE'}","{'id': '82', 'title': 'Tottenham', 'short_title': 'TOT'}","{'h': '2', 'a': '2'}","{'h': '0.81661', 'a': '1.90407'}",2016-05-02 23:00:00,"{'w': '0.1027', 'd': '0.2163', 'l': '0.681'}"
437,True,"{'id': '79', 'title': 'Norwich', 'short_title': 'NOR'}","{'id': '89', 'title': 'Manchester United', 'short_title': 'MUN'}","{'h': '0', 'a': '1'}","{'h': '1.36825', 'a': '1.48344'}",2016-05-07 15:45:00,"{'w': '0.3319', 'd': '0.2787', 'l': '0.3894'}"
438,True,"{'id': '78', 'title': 'Crystal Palace', 'short_title': 'CRY'}","{'id': '85', 'title': 'Stoke', 'short_title': 'STO'}","{'h': '2', 'a': '1'}","{'h': '1.31448', 'a': '1.27766'}",2016-05-07 18:00:00,"{'w': '0.3608', 'd': '0.2966', 'l': '0.3426'}"
439,True,"{'id': '81', 'title': 'West Ham', 'short_title': 'WHU'}","{'id': '84', 'title': 'Swansea', 'short_title': 'SWA'}","{'h': '1', 'a': '4'}","{'h': '2.39454', 'a': '2.47265'}",2016-05-07 18:00:00,"{'w': '0.3543', 'd': '0.257', 'l': '0.3887'}"
440,True,"{'id': '71', 'title': 'Aston Villa', 'short_title': 'AVL'}","{'id': '86', 'title': 'Newcastle United', 'short_title': 'NEW'}","{'h': '0', 'a': '0'}","{'h': '0.0312154', 'a': '1.09626'}",2016-05-07 18:00:00,"{'w': '0.0097', 'd': '0.2869', 'l': '0.7034'}"
441,True,"{'id': '73', 'title': 'Bournemouth', 'short_title': 'BOU'}","{'id': '76', 'title': 'West Bromwich Albion', 'short_title': 'WBA'}","{'h': '1', 'a': '1'}","{'h': '0.814964', 'a': '1.34282'}",2016-05-07 18:00:00,"{'w': '0.1747', 'd': '0.3058', 'l': '0.5195'}"
442,True,"{'id': '77', 'title': 'Sunderland', 'short_title': 'SUN'}","{'id': '80', 'title': 'Chelsea', 'short_title': 'CHE'}","{'h': '3', 'a': '2'}","{'h': '0.773876', 'a': '1.77677'}",2016-05-07 18:00:00,"{'w': '0.1323', 'd': '0.2196', 'l': '0.6481'}"
443,True,"{'id': '75', 'title': 'Leicester', 'short_title': 'LEI'}","{'id': '72', 'title': 'Everton', 'short_title': 'EVE'}","{'h': '3', 'a': '1'}","{'h': '4.50525', 'a': '1.30184'}",2016-05-07 20:30:00,"{'w': '0.9249', 'd': '0.0535', 'l': '0.0216'}"
444,True,"{'id': '82', 'title': 'Tottenham', 'short_title': 'TOT'}","{'id': '74', 'title': 'Southampton', 'short_title': 'SOU'}","{'h': '1', 'a': '2'}","{'h': '2.55547', 'a': '1.30812'}",2016-05-08 16:30:00,"{'w': '0.6943', 'd': '0.1938', 'l': '0.1119'}"
445,True,"{'id': '87', 'title': 'Liverpool', 'short_title': 'LIV'}","{'id': '90', 'title': 'Watford', 'short_title': 'WAT'}","{'h': '2', 'a': '0'}","{'h': '2.38919', 'a': '0.930803'}",2016-05-08 19:00:00,"{'w': '0.7358', 'd': '0.1675', 'l': '0.0967'}"
446,True,"{'id': '88', 'title': 'Manchester City', 'short_title': 'MCI'}","{'id': '83', 'title': 'Arsenal', 'short_title': 'ARS'}","{'h': '2', 'a': '2'}","{'h': '0.75375', 'a': '1.08084'}",2016-05-08 19:00:00,"{'w': '0.2304', 'd': '0.3122', 'l': '0.4574'}"
447,True,"{'id': '81', 'title': 'West Ham', 'short_title': 'WHU'}","{'id': '89', 'title': 'Manchester United', 'short_title': 'MUN'}","{'h': '3', 'a': '2'}","{'h': '2.13311', 'a': '0.635987'}",2016-05-10 23:30:00,"{'w': '0.7557', 'd': '0.1832', 'l': '0.0611'}"
448,True,"{'id': '79', 'title': 'Norwich', 'short_title': 'NOR'}","{'id': '90', 'title': 'Watford', 'short_title': 'WAT'}","{'h': '4', 'a': '2'}","{'h': '2.41871', 'a': '1.7686'}",2016-05-11 22:45:00,"{'w': '0.5392', 'd': '0.2364', 'l': '0.2244'}"
449,True,"{'id': '77', 'title': 'Sunderland', 'short_title': 'SUN'}","{'id': '72', 'title': 'Everton', 'short_title': 'EVE'}","{'h': '3', 'a': '0'}","{'h': '2.44887', 'a': '1.16563'}",2016-05-11 22:45:00,"{'w': '0.7137', 'd': '0.1909', 'l': '0.0954'}"
450,True,"{'id': '87', 'title': 'Liverpool', 'short_title': 'LIV'}","{'id': '80', 'title': 'Chelsea', 'short_title': 'CHE'}","{'h': '1', 'a': '1'}","{'h': '1.83934', 'a': '0.812268'}",2016-05-11 23:00:00,"{'w': '0.6351', 'd': '0.2204', 'l': '0.1445'}"
451,True,"{'id': '83', 'title': 'Arsenal', 'short_title': 'ARS'}","{'id': '71', 'title': 'Aston Villa', 'short_title': 'AVL'}","{'h': '4', 'a': '0'}","{'h': '3.40207', 'a': '0.222731'}",2016-05-15 18:00:00,"{'w': '0.9677', 'd': '0.0283', 'l': '0.004'}"
452,True,"{'id': '80', 'title': 'Chelsea', 'short_title': 'CHE'}","{'id': '75', 'title': 'Leicester', 'short_title': 'LEI'}","{'h': '1', 'a': '1'}","{'h': '1.86065', 'a': '1.23491'}",2016-05-15 18:00:00,"{'w': '0.5337', 'd': '0.254', 'l': '0.2123'}"
453,True,"{'id': '72', 'title': 'Everton', 'short_title': 'EVE'}","{'id': '79', 'title': 'Norwich', 'short_title': 'NOR'}","{'h': '3', 'a': '0'}","{'h': '2.40775', 'a': '0.43016'}",2016-05-15 18:00:00,"{'w': '0.8762', 'd': '0.0991', 'l': '0.0247'}"
454,True,"{'id': '86', 'title': 'Newcastle United', 'short_title': 'NEW'}","{'id': '82', 'title': 'Tottenham', 'short_title': 'TOT'}","{'h': '5', 'a': '1'}","{'h': '2.42808', 'a': '0.869082'}",2016-05-15 18:00:00,"{'w': '0.7615', 'd': '0.1586', 'l': '0.0799'}"
455,True,"{'id': '74', 'title': 'Southampton', 'short_title': 'SOU'}","{'id': '78', 'title': 'Crystal Palace', 'short_title': 'CRY'}","{'h': '4', 'a': '1'}","{'h': '2.32278', 'a': '1.24857'}",2016-05-15 18:00:00,"{'w': '0.6471', 'd': '0.2062', 'l': '0.1467'}"
456,True,"{'id': '85', 'title': 'Stoke', 'short_title': 'STO'}","{'id': '81', 'title': 'West Ham', 'short_title': 'WHU'}","{'h': '2', 'a': '1'}","{'h': '0.288737', 'a': '2.94489'}",2016-05-15 18:00:00,"{'w': '0.0079', 'd': '0.0486', 'l': '0.9435'}"
457,True,"{'id': '84', 'title': 'Swansea', 'short_title': 'SWA'}","{'id': '88', 'title': 'Manchester City', 'short_title': 'MCI'}","{'h': '1', 'a': '1'}","{'h': '0.115604', 'a': '2.04003'}",2016-05-15 18:00:00,"{'w': '0.0059', 'd': '0.0703', 'l': '0.9238'}"
458,True,"{'id': '90', 'title': 'Watford', 'short_title': 'WAT'}","{'id': '77', 'title': 'Sunderland', 'short_title': 'SUN'}","{'h': '2', 'a': '2'}","{'h': '1.95277', 'a': '0.908817'}",2016-05-15 18:00:00,"{'w': '0.6536', 'd': '0.2276', 'l': '0.1188'}"
459,True,"{'id': '76', 'title': 'West Bromwich Albion', 'short_title': 'WBA'}","{'id': '87', 'title': 'Liverpool', 'short_title': 'LIV'}","{'h': '1', 'a': '1'}","{'h': '1.86869', 'a': '0.419877'}",2016-05-15 18:00:00,"{'w': '0.81', 'd': '0.1498', 'l': '0.0402'}"
460,True,"{'id': '89', 'title': 'Manchester United', 'short_title': 'MUN'}","{'id': '73', 'title': 'Bournemouth', 'short_title': 'BOU'}","{'h': '3', 'a': '1'}","{'h': '1.72109', 'a': '0.503471'}",2016-05-17 23:00:00,"{'w': '0.7221', 'd': '0.2007', 'l': '0.0772'}"
